"trial_type","trial_index","time_elapsed","internal_node_id","subject_id","task","startTime","totalTime","view_history","rt","event","trial","time","trialtype","success","stimulus","key_press","nowOffer","thenOffer","thenLeft","nowAmt","thenAmt","thenWeeks","chosen"
"pavlovia","0","2","0.0-0.0","5c9bfbfa325c3d001ad360a8","bdp_td","Thu Mar 30 2023 22:37:12 GMT-0400 (Eastern Daylight Time)","271027","","","","","","","","","","","","","","","",""
"instructions","1","11578","0.0-1.0","5c9bfbfa325c3d001ad360a8","bdp_td","Thu Mar 30 2023 22:37:12 GMT-0400 (Eastern Daylight Time)","271027","[{""page_index"":0,""viewing_time"":11576}]","11576","","","","","","","","","","","","","",""
"","","","","5c9bfbfa325c3d001ad360a8","bdp_td","Thu Mar 30 2023 22:37:12 GMT-0400 (Eastern Daylight Time)","271027","","","fullscreenenter","2","35996","fullscreenenter","","","","","","","","","",""
"fullscreen","2","36988","0.0-2.0","5c9bfbfa325c3d001ad360a8","bdp_td","Thu Mar 30 2023 22:37:12 GMT-0400 (Eastern Daylight Time)","271027","","","","","","","true","","","","","","","","",""
"instructions","3","51246","0.0-4.0","5c9bfbfa325c3d001ad360a8","bdp_td","Thu Mar 30 2023 22:37:12 GMT-0400 (Eastern Daylight Time)","271027","[{""page_index"":0,""viewing_time"":7364},{""page_index"":1,""viewing_time"":5143},{""page_index"":2,""viewing_time"":1750}]","14257","","","","","","","","","","","","","",""
"html-keyboard-response","4","51749","0.0-5.0-1.0","5c9bfbfa325c3d001ad360a8","bdp_td","Thu Mar 30 2023 22:37:12 GMT-0400 (Eastern Daylight Time)","271027","","null","","","","FIX","","<div class='trialBorder'><div class='vertical-center'><img style='vertical-align:center; align:center' src=img/fixation3.jpg></div></div>","null","","","","","","",""
"html-keyboard-response","5","54648","0.0-5.0-2.0","5c9bfbfa325c3d001ad360a8","bdp_td","Thu Mar 30 2023 22:37:12 GMT-0400 (Eastern Daylight Time)","271027","","2898","","","","offer","","<div class='trialBorder'><div class='vertical-center'><img style='vertical-align:center; align:center' src=img/fixation3.jpg></div><div class='cl'><div class='vertical-center'>$78<br><br>now</div></div><div class='cr'><div class='vertical-center'>$80<br>in<br>12 weeks</div></div><div class='respDivL'><div class='vertical-center'>(E)</div></div><div class='respDivR'><div class='vertical-center'>(I)</div></div></div>","E","$78<br><br>now","$80<br>in<br>12 weeks","0","78","80","12","NOW"
"html-keyboard-response","6","54900","0.0-5.0-3.0","5c9bfbfa325c3d001ad360a8","bdp_td","Thu Mar 30 2023 22:37:12 GMT-0400 (Eastern Daylight Time)","271027","","null","","","","offerFB","","<div class='trialBorder'><div class='vertical-center'><img style='vertical-align:center; align:center' src=img/fixation3.jpg></div><div class='cl'><div class='vertical-center'><font style='color:orange'>$78<br><br>now</font></div></div><div class='cr'><div class='vertical-center'>$80<br>in<br>12 weeks</div></div><div class='respDivL'><div class='vertical-center'><font style='color:orange'>(E)</font></div></div><div class='respDivR'><div class='vertical-center'>(I)</div></div></div>","null","$78<br><br>now","$80<br>in<br>12 weeks","0","78","80","12",""
"html-keyboard-response","7","55402","0.0-5.0-1.1","5c9bfbfa325c3d001ad360a8","bdp_td","Thu Mar 30 2023 22:37:12 GMT-0400 (Eastern Daylight Time)","271027","","null","","","","FIX","","<div class='trialBorder'><div class='vertical-center'><img style='vertical-align:center; align:center' src=img/fixation3.jpg></div></div>","null","","","","","","",""
"html-keyboard-response","8","56994","0.0-5.0-2.1","5c9bfbfa325c3d001ad360a8","bdp_td","Thu Mar 30 2023 22:37:12 GMT-0400 (Eastern Daylight Time)","271027","","1591","","","","offer","","<div class='trialBorder'><div class='vertical-center'><img style='vertical-align:center; align:center' src=img/fixation3.jpg></div><div class='cl'><div class='vertical-center'>$24<br><br>now</div></div><div class='cr'><div class='vertical-center'>$35<br>in<br>3 weeks</div></div><div class='respDivL'><div class='vertical-center'>(E)</div></div><div class='respDivR'><div class='vertical-center'>(I)</div></div></div>","E","$24<br><br>now","$35<br>in<br>3 weeks","0","24","35","3","NOW"
"html-keyboard-response","9","57246","0.0-5.0-3.1","5c9bfbfa325c3d001ad360a8","bdp_td","Thu Mar 30 2023 22:37:12 GMT-0400 (Eastern Daylight Time)","271027","","null","","","","offerFB","","<div class='trialBorder'><div class='vertical-center'><img style='vertical-align:center; align:center' src=img/fixation3.jpg></div><div class='cl'><div class='vertical-center'><font style='color:orange'>$24<br><br>now</font></div></div><div class='cr'><div class='vertical-center'>$35<br>in<br>3 weeks</div></div><div class='respDivL'><div class='vertical-center'><font style='color:orange'>(E)</font></div></div><div class='respDivR'><div class='vertical-center'>(I)</div></div></div>","null","$24<br><br>now","$35<br>in<br>3 weeks","0","24","35","3",""
"html-keyboard-response","10","57748","0.0-5.0-1.2","5c9bfbfa325c3d001ad360a8","bdp_td","Thu Mar 30 2023 22:37:12 GMT-0400 (Eastern Daylight Time)","271027","","null","","","","FIX","","<div class='trialBorder'><div class='vertical-center'><img style='vertical-align:center; align:center' src=img/fixation3.jpg></div></div>","null","","","","","","",""
"html-keyboard-response","11","80692","0.0-5.0-2.2","5c9bfbfa325c3d001ad360a8","bdp_td","Thu Mar 30 2023 22:37:12 GMT-0400 (Eastern Daylight Time)","271027","","22944","","","","offer","","<div class='trialBorder'><div class='vertical-center'><img style='vertical-align:center; align:center' src=img/fixation3.jpg></div><div class='cl'><div class='vertical-center'>$40<br><br>now</div></div><div class='cr'><div class='vertical-center'>$55<br>in<br>6 weeks</div></div><div class='respDivL'><div class='vertical-center'>(E)</div></div><div class='respDivR'><div class='vertical-center'>(I)</div></div></div>","E","$40<br><br>now","$55<br>in<br>6 weeks","0","40","55","6","NOW"
"html-keyboard-response","12","80944","0.0-5.0-3.2","5c9bfbfa325c3d001ad360a8","bdp_td","Thu Mar 30 2023 22:37:12 GMT-0400 (Eastern Daylight Time)","271027","","null","","","","offerFB","","<div class='trialBorder'><div class='vertical-center'><img style='vertical-align:center; align:center' src=img/fixation3.jpg></div><div class='cl'><div class='vertical-center'><font style='color:orange'>$40<br><br>now</font></div></div><div class='cr'><div class='vertical-center'>$55<br>in<br>6 weeks</div></div><div class='respDivL'><div class='vertical-center'><font style='color:orange'>(E)</font></div></div><div class='respDivR'><div class='vertical-center'>(I)</div></div></div>","null","$40<br><br>now","$55<br>in<br>6 weeks","0","40","55","6",""
"html-keyboard-response","13","81446","0.0-5.0-1.3","5c9bfbfa325c3d001ad360a8","bdp_td","Thu Mar 30 2023 22:37:12 GMT-0400 (Eastern Daylight Time)","271027","","null","","","","FIX","","<div class='trialBorder'><div class='vertical-center'><img style='vertical-align:center; align:center' src=img/fixation3.jpg></div></div>","null","","","","","","",""
"html-keyboard-response","14","97148","0.0-5.0-2.3","5c9bfbfa325c3d001ad360a8","bdp_td","Thu Mar 30 2023 22:37:12 GMT-0400 (Eastern Daylight Time)","271027","","15702","","","","offer","","<div class='trialBorder'><div class='vertical-center'><img style='vertical-align:center; align:center' src=img/fixation3.jpg></div><div class='cl'><div class='vertical-center'>$54<br><br>now</div></div><div class='cr'><div class='vertical-center'>$80<br>in<br>3 weeks</div></div><div class='respDivL'><div class='vertical-center'>(E)</div></div><div class='respDivR'><div class='vertical-center'>(I)</div></div></div>","E","$54<br><br>now","$80<br>in<br>3 weeks","0","54","80","3","NOW"
"html-keyboard-response","15","97399","0.0-5.0-3.3","5c9bfbfa325c3d001ad360a8","bdp_td","Thu Mar 30 2023 22:37:12 GMT-0400 (Eastern Daylight Time)","271027","","null","","","","offerFB","","<div class='trialBorder'><div class='vertical-center'><img style='vertical-align:center; align:center' src=img/fixation3.jpg></div><div class='cl'><div class='vertical-center'><font style='color:orange'>$54<br><br>now</font></div></div><div class='cr'><div class='vertical-center'>$80<br>in<br>3 weeks</div></div><div class='respDivL'><div class='vertical-center'><font style='color:orange'>(E)</font></div></div><div class='respDivR'><div class='vertical-center'>(I)</div></div></div>","null","$54<br><br>now","$80<br>in<br>3 weeks","0","54","80","3",""
"html-keyboard-response","16","97901","0.0-5.0-1.4","5c9bfbfa325c3d001ad360a8","bdp_td","Thu Mar 30 2023 22:37:12 GMT-0400 (Eastern Daylight Time)","271027","","null","","","","FIX","","<div class='trialBorder'><div class='vertical-center'><img style='vertical-align:center; align:center' src=img/fixation3.jpg></div></div>","null","","","","","","",""
"html-keyboard-response","17","99588","0.0-5.0-2.4","5c9bfbfa325c3d001ad360a8","bdp_td","Thu Mar 30 2023 22:37:12 GMT-0400 (Eastern Daylight Time)","271027","","1687","","","","offer","","<div class='trialBorder'><div class='vertical-center'><img style='vertical-align:center; align:center' src=img/fixation3.jpg></div><div class='cl'><div class='vertical-center'>$30<br>in<br>6 weeks</div></div><div class='cr'><div class='vertical-center'>$25<br><br>now</div></div><div class='respDivL'><div class='vertical-center'>(E)</div></div><div class='respDivR'><div class='vertical-center'>(I)</div></div></div>","E","$25<br><br>now","$30<br>in<br>6 weeks","1","25","30","6","THEN"
"html-keyboard-response","18","99840","0.0-5.0-3.4","5c9bfbfa325c3d001ad360a8","bdp_td","Thu Mar 30 2023 22:37:12 GMT-0400 (Eastern Daylight Time)","271027","","null","","","","offerFB","","<div class='trialBorder'><div class='vertical-center'><img style='vertical-align:center; align:center' src=img/fixation3.jpg></div><div class='cl'><div class='vertical-center'><font style='color:orange'>$30<br>in<br>6 weeks</font></div></div><div class='cr'><div class='vertical-center'>$25<br><br>now</div></div><div class='respDivL'><div class='vertical-center'><font style='color:orange'>(E)</font></div></div><div class='respDivR'><div class='vertical-center'>(I)</div></div></div>","null","$25<br><br>now","$30<br>in<br>6 weeks","1","25","30","6",""
"html-keyboard-response","19","100342","0.0-5.0-1.5","5c9bfbfa325c3d001ad360a8","bdp_td","Thu Mar 30 2023 22:37:12 GMT-0400 (Eastern Daylight Time)","271027","","null","","","","FIX","","<div class='trialBorder'><div class='vertical-center'><img style='vertical-align:center; align:center' src=img/fixation3.jpg></div></div>","null","","","","","","",""
"html-keyboard-response","20","110325","0.0-5.0-2.5","5c9bfbfa325c3d001ad360a8","bdp_td","Thu Mar 30 2023 22:37:12 GMT-0400 (Eastern Daylight Time)","271027","","9983","","","","offer","","<div class='trialBorder'><div class='vertical-center'><img style='vertical-align:center; align:center' src=img/fixation3.jpg></div><div class='cl'><div class='vertical-center'>$33<br><br>now</div></div><div class='cr'><div class='vertical-center'>$80<br>in<br>2 weeks</div></div><div class='respDivL'><div class='vertical-center'>(E)</div></div><div class='respDivR'><div class='vertical-center'>(I)</div></div></div>","I","$33<br><br>now","$80<br>in<br>2 weeks","0","33","80","2","THEN"
"html-keyboard-response","21","110576","0.0-5.0-3.5","5c9bfbfa325c3d001ad360a8","bdp_td","Thu Mar 30 2023 22:37:12 GMT-0400 (Eastern Daylight Time)","271027","","null","","","","offerFB","","<div class='trialBorder'><div class='vertical-center'><img style='vertical-align:center; align:center' src=img/fixation3.jpg></div><div class='cl'><div class='vertical-center'>$33<br><br>now</div></div><div class='cr'><div class='vertical-center'><font style='color:orange'>$80<br>in<br>2 weeks</font></div></div><div class='respDivL'><div class='vertical-center'>(E)</div></div><div class='respDivR'><div class='vertical-center'><font style='color:orange'>(I)</font></div></div></div>","null","$33<br><br>now","$80<br>in<br>2 weeks","0","33","80","2",""
"html-keyboard-response","22","111078","0.0-5.0-1.6","5c9bfbfa325c3d001ad360a8","bdp_td","Thu Mar 30 2023 22:37:12 GMT-0400 (Eastern Daylight Time)","271027","","null","","","","FIX","","<div class='trialBorder'><div class='vertical-center'><img style='vertical-align:center; align:center' src=img/fixation3.jpg></div></div>","null","","","","","","",""
"html-keyboard-response","23","116986","0.0-5.0-2.6","5c9bfbfa325c3d001ad360a8","bdp_td","Thu Mar 30 2023 22:37:12 GMT-0400 (Eastern Daylight Time)","271027","","5907","","","","offer","","<div class='trialBorder'><div class='vertical-center'><img style='vertical-align:center; align:center' src=img/fixation3.jpg></div><div class='cl'><div class='vertical-center'>$22<br><br>now</div></div><div class='cr'><div class='vertical-center'>$25<br>in<br>12 weeks</div></div><div class='respDivL'><div class='vertical-center'>(E)</div></div><div class='respDivR'><div class='vertical-center'>(I)</div></div></div>","I","$22<br><br>now","$25<br>in<br>12 weeks","0","22","25","12","THEN"
"html-keyboard-response","24","117237","0.0-5.0-3.6","5c9bfbfa325c3d001ad360a8","bdp_td","Thu Mar 30 2023 22:37:12 GMT-0400 (Eastern Daylight Time)","271027","","null","","","","offerFB","","<div class='trialBorder'><div class='vertical-center'><img style='vertical-align:center; align:center' src=img/fixation3.jpg></div><div class='cl'><div class='vertical-center'>$22<br><br>now</div></div><div class='cr'><div class='vertical-center'><font style='color:orange'>$25<br>in<br>12 weeks</font></div></div><div class='respDivL'><div class='vertical-center'>(E)</div></div><div class='respDivR'><div class='vertical-center'><font style='color:orange'>(I)</font></div></div></div>","null","$22<br><br>now","$25<br>in<br>12 weeks","0","22","25","12",""
"html-keyboard-response","25","117738","0.0-5.0-1.7","5c9bfbfa325c3d001ad360a8","bdp_td","Thu Mar 30 2023 22:37:12 GMT-0400 (Eastern Daylight Time)","271027","","null","","","","FIX","","<div class='trialBorder'><div class='vertical-center'><img style='vertical-align:center; align:center' src=img/fixation3.jpg></div></div>","null","","","","","","",""
"html-keyboard-response","26","129888","0.0-5.0-2.7","5c9bfbfa325c3d001ad360a8","bdp_td","Thu Mar 30 2023 22:37:12 GMT-0400 (Eastern Daylight Time)","271027","","12148","","","","offer","","<div class='trialBorder'><div class='vertical-center'><img style='vertical-align:center; align:center' src=img/fixation3.jpg></div><div class='cl'><div class='vertical-center'>$85<br>in<br>12 weeks</div></div><div class='cr'><div class='vertical-center'>$80<br><br>now</div></div><div class='respDivL'><div class='vertical-center'>(E)</div></div><div class='respDivR'><div class='vertical-center'>(I)</div></div></div>","I","$80<br><br>now","$85<br>in<br>12 weeks","1","80","85","12","NOW"
"html-keyboard-response","27","130139","0.0-5.0-3.7","5c9bfbfa325c3d001ad360a8","bdp_td","Thu Mar 30 2023 22:37:12 GMT-0400 (Eastern Daylight Time)","271027","","null","","","","offerFB","","<div class='trialBorder'><div class='vertical-center'><img style='vertical-align:center; align:center' src=img/fixation3.jpg></div><div class='cl'><div class='vertical-center'>$85<br>in<br>12 weeks</div></div><div class='cr'><div class='vertical-center'><font style='color:orange'>$80<br><br>now</font></div></div><div class='respDivL'><div class='vertical-center'>(E)</div></div><div class='respDivR'><div class='vertical-center'><font style='color:orange'>(I)</font></div></div></div>","null","$80<br><br>now","$85<br>in<br>12 weeks","1","80","85","12",""
"html-keyboard-response","28","130641","0.0-5.0-1.8","5c9bfbfa325c3d001ad360a8","bdp_td","Thu Mar 30 2023 22:37:12 GMT-0400 (Eastern Daylight Time)","271027","","null","","","","FIX","","<div class='trialBorder'><div class='vertical-center'><img style='vertical-align:center; align:center' src=img/fixation3.jpg></div></div>","null","","","","","","",""
"html-keyboard-response","29","132817","0.0-5.0-2.8","5c9bfbfa325c3d001ad360a8","bdp_td","Thu Mar 30 2023 22:37:12 GMT-0400 (Eastern Daylight Time)","271027","","2175","","","","offer","","<div class='trialBorder'><div class='vertical-center'><img style='vertical-align:center; align:center' src=img/fixation3.jpg></div><div class='cl'><div class='vertical-center'>$14<br><br>now</div></div><div class='cr'><div class='vertical-center'>$25<br>in<br>3 weeks</div></div><div class='respDivL'><div class='vertical-center'>(E)</div></div><div class='respDivR'><div class='vertical-center'>(I)</div></div></div>","E","$14<br><br>now","$25<br>in<br>3 weeks","0","14","25","3","NOW"
"html-keyboard-response","30","133068","0.0-5.0-3.8","5c9bfbfa325c3d001ad360a8","bdp_td","Thu Mar 30 2023 22:37:12 GMT-0400 (Eastern Daylight Time)","271027","","null","","","","offerFB","","<div class='trialBorder'><div class='vertical-center'><img style='vertical-align:center; align:center' src=img/fixation3.jpg></div><div class='cl'><div class='vertical-center'><font style='color:orange'>$14<br><br>now</font></div></div><div class='cr'><div class='vertical-center'>$25<br>in<br>3 weeks</div></div><div class='respDivL'><div class='vertical-center'><font style='color:orange'>(E)</font></div></div><div class='respDivR'><div class='vertical-center'>(I)</div></div></div>","null","$14<br><br>now","$25<br>in<br>3 weeks","0","14","25","3",""
"html-keyboard-response","31","133569","0.0-5.0-1.9","5c9bfbfa325c3d001ad360a8","bdp_td","Thu Mar 30 2023 22:37:12 GMT-0400 (Eastern Daylight Time)","271027","","null","","","","FIX","","<div class='trialBorder'><div class='vertical-center'><img style='vertical-align:center; align:center' src=img/fixation3.jpg></div></div>","null","","","","","","",""
"html-keyboard-response","32","136256","0.0-5.0-2.9","5c9bfbfa325c3d001ad360a8","bdp_td","Thu Mar 30 2023 22:37:12 GMT-0400 (Eastern Daylight Time)","271027","","2686","","","","offer","","<div class='trialBorder'><div class='vertical-center'><img style='vertical-align:center; align:center' src=img/fixation3.jpg></div><div class='cl'><div class='vertical-center'>$34<br><br>now</div></div><div class='cr'><div class='vertical-center'>$35<br>in<br>12 weeks</div></div><div class='respDivL'><div class='vertical-center'>(E)</div></div><div class='respDivR'><div class='vertical-center'>(I)</div></div></div>","E","$34<br><br>now","$35<br>in<br>12 weeks","0","34","35","12","NOW"
"html-keyboard-response","33","136509","0.0-5.0-3.9","5c9bfbfa325c3d001ad360a8","bdp_td","Thu Mar 30 2023 22:37:12 GMT-0400 (Eastern Daylight Time)","271027","","null","","","","offerFB","","<div class='trialBorder'><div class='vertical-center'><img style='vertical-align:center; align:center' src=img/fixation3.jpg></div><div class='cl'><div class='vertical-center'><font style='color:orange'>$34<br><br>now</font></div></div><div class='cr'><div class='vertical-center'>$35<br>in<br>12 weeks</div></div><div class='respDivL'><div class='vertical-center'><font style='color:orange'>(E)</font></div></div><div class='respDivR'><div class='vertical-center'>(I)</div></div></div>","null","$34<br><br>now","$35<br>in<br>12 weeks","0","34","35","12",""
"html-keyboard-response","34","137010","0.0-5.0-1.10","5c9bfbfa325c3d001ad360a8","bdp_td","Thu Mar 30 2023 22:37:12 GMT-0400 (Eastern Daylight Time)","271027","","null","","","","FIX","","<div class='trialBorder'><div class='vertical-center'><img style='vertical-align:center; align:center' src=img/fixation3.jpg></div></div>","null","","","","","","",""
"html-keyboard-response","35","152094","0.0-5.0-2.10","5c9bfbfa325c3d001ad360a8","bdp_td","Thu Mar 30 2023 22:37:12 GMT-0400 (Eastern Daylight Time)","271027","","15084","","","","offer","","<div class='trialBorder'><div class='vertical-center'><img style='vertical-align:center; align:center' src=img/fixation3.jpg></div><div class='cl'><div class='vertical-center'>$55<br>in<br>1 week</div></div><div class='cr'><div class='vertical-center'>$20<br><br>now</div></div><div class='respDivL'><div class='vertical-center'>(E)</div></div><div class='respDivR'><div class='vertical-center'>(I)</div></div></div>","E","$20<br><br>now","$55<br>in<br>1 week","1","20","55","1","THEN"
"html-keyboard-response","36","152346","0.0-5.0-3.10","5c9bfbfa325c3d001ad360a8","bdp_td","Thu Mar 30 2023 22:37:12 GMT-0400 (Eastern Daylight Time)","271027","","null","","","","offerFB","","<div class='trialBorder'><div class='vertical-center'><img style='vertical-align:center; align:center' src=img/fixation3.jpg></div><div class='cl'><div class='vertical-center'><font style='color:orange'>$55<br>in<br>1 week</font></div></div><div class='cr'><div class='vertical-center'>$20<br><br>now</div></div><div class='respDivL'><div class='vertical-center'><font style='color:orange'>(E)</font></div></div><div class='respDivR'><div class='vertical-center'>(I)</div></div></div>","null","$20<br><br>now","$55<br>in<br>1 week","1","20","55","1",""
"html-keyboard-response","37","152847","0.0-5.0-1.11","5c9bfbfa325c3d001ad360a8","bdp_td","Thu Mar 30 2023 22:37:12 GMT-0400 (Eastern Daylight Time)","271027","","null","","","","FIX","","<div class='trialBorder'><div class='vertical-center'><img style='vertical-align:center; align:center' src=img/fixation3.jpg></div></div>","null","","","","","","",""
"html-keyboard-response","38","154650","0.0-5.0-2.11","5c9bfbfa325c3d001ad360a8","bdp_td","Thu Mar 30 2023 22:37:12 GMT-0400 (Eastern Daylight Time)","271027","","1802","","","","offer","","<div class='trialBorder'><div class='vertical-center'><img style='vertical-align:center; align:center' src=img/fixation3.jpg></div><div class='cl'><div class='vertical-center'>$85<br>in<br>1 week</div></div><div class='cr'><div class='vertical-center'>$31<br><br>now</div></div><div class='respDivL'><div class='vertical-center'>(E)</div></div><div class='respDivR'><div class='vertical-center'>(I)</div></div></div>","E","$31<br><br>now","$85<br>in<br>1 week","1","31","85","1","THEN"
"html-keyboard-response","39","154903","0.0-5.0-3.11","5c9bfbfa325c3d001ad360a8","bdp_td","Thu Mar 30 2023 22:37:12 GMT-0400 (Eastern Daylight Time)","271027","","null","","","","offerFB","","<div class='trialBorder'><div class='vertical-center'><img style='vertical-align:center; align:center' src=img/fixation3.jpg></div><div class='cl'><div class='vertical-center'><font style='color:orange'>$85<br>in<br>1 week</font></div></div><div class='cr'><div class='vertical-center'>$31<br><br>now</div></div><div class='respDivL'><div class='vertical-center'><font style='color:orange'>(E)</font></div></div><div class='respDivR'><div class='vertical-center'>(I)</div></div></div>","null","$31<br><br>now","$85<br>in<br>1 week","1","31","85","1",""
"html-keyboard-response","40","155405","0.0-5.0-1.12","5c9bfbfa325c3d001ad360a8","bdp_td","Thu Mar 30 2023 22:37:12 GMT-0400 (Eastern Daylight Time)","271027","","null","","","","FIX","","<div class='trialBorder'><div class='vertical-center'><img style='vertical-align:center; align:center' src=img/fixation3.jpg></div></div>","null","","","","","","",""
"html-keyboard-response","41","157040","0.0-5.0-2.12","5c9bfbfa325c3d001ad360a8","bdp_td","Thu Mar 30 2023 22:37:12 GMT-0400 (Eastern Daylight Time)","271027","","1635","","","","offer","","<div class='trialBorder'><div class='vertical-center'><img style='vertical-align:center; align:center' src=img/fixation3.jpg></div><div class='cl'><div class='vertical-center'>$28<br><br>now</div></div><div class='cr'><div class='vertical-center'>$30<br>in<br>12 weeks</div></div><div class='respDivL'><div class='vertical-center'>(E)</div></div><div class='respDivR'><div class='vertical-center'>(I)</div></div></div>","E","$28<br><br>now","$30<br>in<br>12 weeks","0","28","30","12","NOW"
"html-keyboard-response","42","157291","0.0-5.0-3.12","5c9bfbfa325c3d001ad360a8","bdp_td","Thu Mar 30 2023 22:37:12 GMT-0400 (Eastern Daylight Time)","271027","","null","","","","offerFB","","<div class='trialBorder'><div class='vertical-center'><img style='vertical-align:center; align:center' src=img/fixation3.jpg></div><div class='cl'><div class='vertical-center'><font style='color:orange'>$28<br><br>now</font></div></div><div class='cr'><div class='vertical-center'>$30<br>in<br>12 weeks</div></div><div class='respDivL'><div class='vertical-center'><font style='color:orange'>(E)</font></div></div><div class='respDivR'><div class='vertical-center'>(I)</div></div></div>","null","$28<br><br>now","$30<br>in<br>12 weeks","0","28","30","12",""
"html-keyboard-response","43","157793","0.0-5.0-1.13","5c9bfbfa325c3d001ad360a8","bdp_td","Thu Mar 30 2023 22:37:12 GMT-0400 (Eastern Daylight Time)","271027","","null","","","","FIX","","<div class='trialBorder'><div class='vertical-center'><img style='vertical-align:center; align:center' src=img/fixation3.jpg></div></div>","null","","","","","","",""
"html-keyboard-response","44","166145","0.0-5.0-2.13","5c9bfbfa325c3d001ad360a8","bdp_td","Thu Mar 30 2023 22:37:12 GMT-0400 (Eastern Daylight Time)","271027","","8351","","","","offer","","<div class='trialBorder'><div class='vertical-center'><img style='vertical-align:center; align:center' src=img/fixation3.jpg></div><div class='cl'><div class='vertical-center'>$30<br>in<br>2 weeks</div></div><div class='cr'><div class='vertical-center'>$11<br><br>now</div></div><div class='respDivL'><div class='vertical-center'>(E)</div></div><div class='respDivR'><div class='vertical-center'>(I)</div></div></div>","I","$11<br><br>now","$30<br>in<br>2 weeks","1","11","30","2","NOW"
"html-keyboard-response","45","166397","0.0-5.0-3.13","5c9bfbfa325c3d001ad360a8","bdp_td","Thu Mar 30 2023 22:37:12 GMT-0400 (Eastern Daylight Time)","271027","","null","","","","offerFB","","<div class='trialBorder'><div class='vertical-center'><img style='vertical-align:center; align:center' src=img/fixation3.jpg></div><div class='cl'><div class='vertical-center'>$30<br>in<br>2 weeks</div></div><div class='cr'><div class='vertical-center'><font style='color:orange'>$11<br><br>now</font></div></div><div class='respDivL'><div class='vertical-center'>(E)</div></div><div class='respDivR'><div class='vertical-center'><font style='color:orange'>(I)</font></div></div></div>","null","$11<br><br>now","$30<br>in<br>2 weeks","1","11","30","2",""
"html-keyboard-response","46","166898","0.0-5.0-1.14","5c9bfbfa325c3d001ad360a8","bdp_td","Thu Mar 30 2023 22:37:12 GMT-0400 (Eastern Daylight Time)","271027","","null","","","","FIX","","<div class='trialBorder'><div class='vertical-center'><img style='vertical-align:center; align:center' src=img/fixation3.jpg></div></div>","null","","","","","","",""
"html-keyboard-response","47","169403","0.0-5.0-2.14","5c9bfbfa325c3d001ad360a8","bdp_td","Thu Mar 30 2023 22:37:12 GMT-0400 (Eastern Daylight Time)","271027","","2503","","","","offer","","<div class='trialBorder'><div class='vertical-center'><img style='vertical-align:center; align:center' src=img/fixation3.jpg></div><div class='cl'><div class='vertical-center'>$85<br>in<br>6 weeks</div></div><div class='cr'><div class='vertical-center'>$69<br><br>now</div></div><div class='respDivL'><div class='vertical-center'>(E)</div></div><div class='respDivR'><div class='vertical-center'>(I)</div></div></div>","I","$69<br><br>now","$85<br>in<br>6 weeks","1","69","85","6","NOW"
"html-keyboard-response","48","169654","0.0-5.0-3.14","5c9bfbfa325c3d001ad360a8","bdp_td","Thu Mar 30 2023 22:37:12 GMT-0400 (Eastern Daylight Time)","271027","","null","","","","offerFB","","<div class='trialBorder'><div class='vertical-center'><img style='vertical-align:center; align:center' src=img/fixation3.jpg></div><div class='cl'><div class='vertical-center'>$85<br>in<br>6 weeks</div></div><div class='cr'><div class='vertical-center'><font style='color:orange'>$69<br><br>now</font></div></div><div class='respDivL'><div class='vertical-center'>(E)</div></div><div class='respDivR'><div class='vertical-center'><font style='color:orange'>(I)</font></div></div></div>","null","$69<br><br>now","$85<br>in<br>6 weeks","1","69","85","6",""
"html-keyboard-response","49","170155","0.0-5.0-1.15","5c9bfbfa325c3d001ad360a8","bdp_td","Thu Mar 30 2023 22:37:12 GMT-0400 (Eastern Daylight Time)","271027","","null","","","","FIX","","<div class='trialBorder'><div class='vertical-center'><img style='vertical-align:center; align:center' src=img/fixation3.jpg></div></div>","null","","","","","","",""
"html-keyboard-response","50","203796","0.0-5.0-2.15","5c9bfbfa325c3d001ad360a8","bdp_td","Thu Mar 30 2023 22:37:12 GMT-0400 (Eastern Daylight Time)","271027","","33640","","","","offer","","<div class='trialBorder'><div class='vertical-center'><img style='vertical-align:center; align:center' src=img/fixation3.jpg></div><div class='cl'><div class='vertical-center'>$35<br>in<br>2 weeks</div></div><div class='cr'><div class='vertical-center'>$15<br><br>now</div></div><div class='respDivL'><div class='vertical-center'>(E)</div></div><div class='respDivR'><div class='vertical-center'>(I)</div></div></div>","E","$15<br><br>now","$35<br>in<br>2 weeks","1","15","35","2","THEN"
"html-keyboard-response","51","204048","0.0-5.0-3.15","5c9bfbfa325c3d001ad360a8","bdp_td","Thu Mar 30 2023 22:37:12 GMT-0400 (Eastern Daylight Time)","271027","","null","","","","offerFB","","<div class='trialBorder'><div class='vertical-center'><img style='vertical-align:center; align:center' src=img/fixation3.jpg></div><div class='cl'><div class='vertical-center'><font style='color:orange'>$35<br>in<br>2 weeks</font></div></div><div class='cr'><div class='vertical-center'>$15<br><br>now</div></div><div class='respDivL'><div class='vertical-center'><font style='color:orange'>(E)</font></div></div><div class='respDivR'><div class='vertical-center'>(I)</div></div></div>","null","$15<br><br>now","$35<br>in<br>2 weeks","1","15","35","2",""
"html-keyboard-response","52","204549","0.0-5.0-1.16","5c9bfbfa325c3d001ad360a8","bdp_td","Thu Mar 30 2023 22:37:12 GMT-0400 (Eastern Daylight Time)","271027","","null","","","","FIX","","<div class='trialBorder'><div class='vertical-center'><img style='vertical-align:center; align:center' src=img/fixation3.jpg></div></div>","null","","","","","","",""
"html-keyboard-response","53","206711","0.0-5.0-2.16","5c9bfbfa325c3d001ad360a8","bdp_td","Thu Mar 30 2023 22:37:12 GMT-0400 (Eastern Daylight Time)","271027","","2160","","","","offer","","<div class='trialBorder'><div class='vertical-center'><img style='vertical-align:center; align:center' src=img/fixation3.jpg></div><div class='cl'><div class='vertical-center'>$34<br><br>now</div></div><div class='cr'><div class='vertical-center'>$50<br>in<br>6 weeks</div></div><div class='respDivL'><div class='vertical-center'>(E)</div></div><div class='respDivR'><div class='vertical-center'>(I)</div></div></div>","E","$34<br><br>now","$50<br>in<br>6 weeks","0","34","50","6","NOW"
"html-keyboard-response","54","206962","0.0-5.0-3.16","5c9bfbfa325c3d001ad360a8","bdp_td","Thu Mar 30 2023 22:37:12 GMT-0400 (Eastern Daylight Time)","271027","","null","","","","offerFB","","<div class='trialBorder'><div class='vertical-center'><img style='vertical-align:center; align:center' src=img/fixation3.jpg></div><div class='cl'><div class='vertical-center'><font style='color:orange'>$34<br><br>now</font></div></div><div class='cr'><div class='vertical-center'>$50<br>in<br>6 weeks</div></div><div class='respDivL'><div class='vertical-center'><font style='color:orange'>(E)</font></div></div><div class='respDivR'><div class='vertical-center'>(I)</div></div></div>","null","$34<br><br>now","$50<br>in<br>6 weeks","0","34","50","6",""
"html-keyboard-response","55","207463","0.0-5.0-1.17","5c9bfbfa325c3d001ad360a8","bdp_td","Thu Mar 30 2023 22:37:12 GMT-0400 (Eastern Daylight Time)","271027","","null","","","","FIX","","<div class='trialBorder'><div class='vertical-center'><img style='vertical-align:center; align:center' src=img/fixation3.jpg></div></div>","null","","","","","","",""
"html-keyboard-response","56","209710","0.0-5.0-2.17","5c9bfbfa325c3d001ad360a8","bdp_td","Thu Mar 30 2023 22:37:12 GMT-0400 (Eastern Daylight Time)","271027","","2246","","","","offer","","<div class='trialBorder'><div class='vertical-center'><img style='vertical-align:center; align:center' src=img/fixation3.jpg></div><div class='cl'><div class='vertical-center'>$25<br>in<br>6 weeks</div></div><div class='cr'><div class='vertical-center'>$19<br><br>now</div></div><div class='respDivL'><div class='vertical-center'>(E)</div></div><div class='respDivR'><div class='vertical-center'>(I)</div></div></div>","I","$19<br><br>now","$25<br>in<br>6 weeks","1","19","25","6","NOW"
"html-keyboard-response","57","209960","0.0-5.0-3.17","5c9bfbfa325c3d001ad360a8","bdp_td","Thu Mar 30 2023 22:37:12 GMT-0400 (Eastern Daylight Time)","271027","","null","","","","offerFB","","<div class='trialBorder'><div class='vertical-center'><img style='vertical-align:center; align:center' src=img/fixation3.jpg></div><div class='cl'><div class='vertical-center'>$25<br>in<br>6 weeks</div></div><div class='cr'><div class='vertical-center'><font style='color:orange'>$19<br><br>now</font></div></div><div class='respDivL'><div class='vertical-center'>(E)</div></div><div class='respDivR'><div class='vertical-center'><font style='color:orange'>(I)</font></div></div></div>","null","$19<br><br>now","$25<br>in<br>6 weeks","1","19","25","6",""
"html-keyboard-response","58","210461","0.0-5.0-1.18","5c9bfbfa325c3d001ad360a8","bdp_td","Thu Mar 30 2023 22:37:12 GMT-0400 (Eastern Daylight Time)","271027","","null","","","","FIX","","<div class='trialBorder'><div class='vertical-center'><img style='vertical-align:center; align:center' src=img/fixation3.jpg></div></div>","null","","","","","","",""
"html-keyboard-response","59","211726","0.0-5.0-2.18","5c9bfbfa325c3d001ad360a8","bdp_td","Thu Mar 30 2023 22:37:12 GMT-0400 (Eastern Daylight Time)","271027","","1264","","","","offer","","<div class='trialBorder'><div class='vertical-center'><img style='vertical-align:center; align:center' src=img/fixation3.jpg></div><div class='cl'><div class='vertical-center'>$50<br>in<br>12 weeks</div></div><div class='cr'><div class='vertical-center'>$47<br><br>now</div></div><div class='respDivL'><div class='vertical-center'>(E)</div></div><div class='respDivR'><div class='vertical-center'>(I)</div></div></div>","I","$47<br><br>now","$50<br>in<br>12 weeks","1","47","50","12","NOW"
"html-keyboard-response","60","211978","0.0-5.0-3.18","5c9bfbfa325c3d001ad360a8","bdp_td","Thu Mar 30 2023 22:37:12 GMT-0400 (Eastern Daylight Time)","271027","","null","","","","offerFB","","<div class='trialBorder'><div class='vertical-center'><img style='vertical-align:center; align:center' src=img/fixation3.jpg></div><div class='cl'><div class='vertical-center'>$50<br>in<br>12 weeks</div></div><div class='cr'><div class='vertical-center'><font style='color:orange'>$47<br><br>now</font></div></div><div class='respDivL'><div class='vertical-center'>(E)</div></div><div class='respDivR'><div class='vertical-center'><font style='color:orange'>(I)</font></div></div></div>","null","$47<br><br>now","$50<br>in<br>12 weeks","1","47","50","12",""
"html-keyboard-response","61","212479","0.0-5.0-1.19","5c9bfbfa325c3d001ad360a8","bdp_td","Thu Mar 30 2023 22:37:12 GMT-0400 (Eastern Daylight Time)","271027","","null","","","","FIX","","<div class='trialBorder'><div class='vertical-center'><img style='vertical-align:center; align:center' src=img/fixation3.jpg></div></div>","null","","","","","","",""
"html-keyboard-response","62","213913","0.0-5.0-2.19","5c9bfbfa325c3d001ad360a8","bdp_td","Thu Mar 30 2023 22:37:12 GMT-0400 (Eastern Daylight Time)","271027","","1434","","","","offer","","<div class='trialBorder'><div class='vertical-center'><img style='vertical-align:center; align:center' src=img/fixation3.jpg></div><div class='cl'><div class='vertical-center'>$49<br><br>now</div></div><div class='cr'><div class='vertical-center'>$60<br>in<br>6 weeks</div></div><div class='respDivL'><div class='vertical-center'>(E)</div></div><div class='respDivR'><div class='vertical-center'>(I)</div></div></div>","E","$49<br><br>now","$60<br>in<br>6 weeks","0","49","60","6","NOW"
"html-keyboard-response","63","214164","0.0-5.0-3.19","5c9bfbfa325c3d001ad360a8","bdp_td","Thu Mar 30 2023 22:37:12 GMT-0400 (Eastern Daylight Time)","271027","","null","","","","offerFB","","<div class='trialBorder'><div class='vertical-center'><img style='vertical-align:center; align:center' src=img/fixation3.jpg></div><div class='cl'><div class='vertical-center'><font style='color:orange'>$49<br><br>now</font></div></div><div class='cr'><div class='vertical-center'>$60<br>in<br>6 weeks</div></div><div class='respDivL'><div class='vertical-center'><font style='color:orange'>(E)</font></div></div><div class='respDivR'><div class='vertical-center'>(I)</div></div></div>","null","$49<br><br>now","$60<br>in<br>6 weeks","0","49","60","6",""
"html-keyboard-response","64","214666","0.0-5.0-1.20","5c9bfbfa325c3d001ad360a8","bdp_td","Thu Mar 30 2023 22:37:12 GMT-0400 (Eastern Daylight Time)","271027","","null","","","","FIX","","<div class='trialBorder'><div class='vertical-center'><img style='vertical-align:center; align:center' src=img/fixation3.jpg></div></div>","null","","","","","","",""
"html-keyboard-response","65","223761","0.0-5.0-2.20","5c9bfbfa325c3d001ad360a8","bdp_td","Thu Mar 30 2023 22:37:12 GMT-0400 (Eastern Daylight Time)","271027","","9094","","","","offer","","<div class='trialBorder'><div class='vertical-center'><img style='vertical-align:center; align:center' src=img/fixation3.jpg></div><div class='cl'><div class='vertical-center'>$75<br>in<br>6 weeks</div></div><div class='cr'><div class='vertical-center'>$55<br><br>now</div></div><div class='respDivL'><div class='vertical-center'>(E)</div></div><div class='respDivR'><div class='vertical-center'>(I)</div></div></div>","I","$55<br><br>now","$75<br>in<br>6 weeks","1","55","75","6","NOW"
"html-keyboard-response","66","224013","0.0-5.0-3.20","5c9bfbfa325c3d001ad360a8","bdp_td","Thu Mar 30 2023 22:37:12 GMT-0400 (Eastern Daylight Time)","271027","","null","","","","offerFB","","<div class='trialBorder'><div class='vertical-center'><img style='vertical-align:center; align:center' src=img/fixation3.jpg></div><div class='cl'><div class='vertical-center'>$75<br>in<br>6 weeks</div></div><div class='cr'><div class='vertical-center'><font style='color:orange'>$55<br><br>now</font></div></div><div class='respDivL'><div class='vertical-center'>(E)</div></div><div class='respDivR'><div class='vertical-center'><font style='color:orange'>(I)</font></div></div></div>","null","$55<br><br>now","$75<br>in<br>6 weeks","1","55","75","6",""
"html-keyboard-response","67","224514","0.0-5.0-1.21","5c9bfbfa325c3d001ad360a8","bdp_td","Thu Mar 30 2023 22:37:12 GMT-0400 (Eastern Daylight Time)","271027","","null","","","","FIX","","<div class='trialBorder'><div class='vertical-center'><img style='vertical-align:center; align:center' src=img/fixation3.jpg></div></div>","null","","","","","","",""
"html-keyboard-response","68","256314","0.0-5.0-2.21","5c9bfbfa325c3d001ad360a8","bdp_td","Thu Mar 30 2023 22:37:12 GMT-0400 (Eastern Daylight Time)","271027","","31800","","","","offer","","<div class='trialBorder'><div class='vertical-center'><img style='vertical-align:center; align:center' src=img/fixation3.jpg></div><div class='cl'><div class='vertical-center'>$25<br><br>now</div></div><div class='cr'><div class='vertical-center'>$60<br>in<br>3 weeks</div></div><div class='respDivL'><div class='vertical-center'>(E)</div></div><div class='respDivR'><div class='vertical-center'>(I)</div></div></div>","E","$25<br><br>now","$60<br>in<br>3 weeks","0","25","60","3","NOW"
"html-keyboard-response","69","256566","0.0-5.0-3.21","5c9bfbfa325c3d001ad360a8","bdp_td","Thu Mar 30 2023 22:37:12 GMT-0400 (Eastern Daylight Time)","271027","","null","","","","offerFB","","<div class='trialBorder'><div class='vertical-center'><img style='vertical-align:center; align:center' src=img/fixation3.jpg></div><div class='cl'><div class='vertical-center'><font style='color:orange'>$25<br><br>now</font></div></div><div class='cr'><div class='vertical-center'>$60<br>in<br>3 weeks</div></div><div class='respDivL'><div class='vertical-center'><font style='color:orange'>(E)</font></div></div><div class='respDivR'><div class='vertical-center'>(I)</div></div></div>","null","$25<br><br>now","$60<br>in<br>3 weeks","0","25","60","3",""
"html-keyboard-response","70","257067","0.0-5.0-1.22","5c9bfbfa325c3d001ad360a8","bdp_td","Thu Mar 30 2023 22:37:12 GMT-0400 (Eastern Daylight Time)","271027","","null","","","","FIX","","<div class='trialBorder'><div class='vertical-center'><img style='vertical-align:center; align:center' src=img/fixation3.jpg></div></div>","null","","","","","","",""
"html-keyboard-response","71","260377","0.0-5.0-2.22","5c9bfbfa325c3d001ad360a8","bdp_td","Thu Mar 30 2023 22:37:12 GMT-0400 (Eastern Daylight Time)","271027","","3310","","","","offer","","<div class='trialBorder'><div class='vertical-center'><img style='vertical-align:center; align:center' src=img/fixation3.jpg></div><div class='cl'><div class='vertical-center'>$75<br>in<br>3 weeks</div></div><div class='cr'><div class='vertical-center'>$41<br><br>now</div></div><div class='respDivL'><div class='vertical-center'>(E)</div></div><div class='respDivR'><div class='vertical-center'>(I)</div></div></div>","I","$41<br><br>now","$75<br>in<br>3 weeks","1","41","75","3","NOW"
"html-keyboard-response","72","260629","0.0-5.0-3.22","5c9bfbfa325c3d001ad360a8","bdp_td","Thu Mar 30 2023 22:37:12 GMT-0400 (Eastern Daylight Time)","271027","","null","","","","offerFB","","<div class='trialBorder'><div class='vertical-center'><img style='vertical-align:center; align:center' src=img/fixation3.jpg></div><div class='cl'><div class='vertical-center'>$75<br>in<br>3 weeks</div></div><div class='cr'><div class='vertical-center'><font style='color:orange'>$41<br><br>now</font></div></div><div class='respDivL'><div class='vertical-center'>(E)</div></div><div class='respDivR'><div class='vertical-center'><font style='color:orange'>(I)</font></div></div></div>","null","$41<br><br>now","$75<br>in<br>3 weeks","1","41","75","3",""
"html-keyboard-response","73","261130","0.0-5.0-1.23","5c9bfbfa325c3d001ad360a8","bdp_td","Thu Mar 30 2023 22:37:12 GMT-0400 (Eastern Daylight Time)","271027","","null","","","","FIX","","<div class='trialBorder'><div class='vertical-center'><img style='vertical-align:center; align:center' src=img/fixation3.jpg></div></div>","null","","","","","","",""
"html-keyboard-response","74","263096","0.0-5.0-2.23","5c9bfbfa325c3d001ad360a8","bdp_td","Thu Mar 30 2023 22:37:12 GMT-0400 (Eastern Daylight Time)","271027","","1966","","","","offer","","<div class='trialBorder'><div class='vertical-center'><img style='vertical-align:center; align:center' src=img/fixation3.jpg></div><div class='cl'><div class='vertical-center'>$55<br>in<br>12 weeks</div></div><div class='cr'><div class='vertical-center'>$54<br><br>now</div></div><div class='respDivL'><div class='vertical-center'>(E)</div></div><div class='respDivR'><div class='vertical-center'>(I)</div></div></div>","I","$54<br><br>now","$55<br>in<br>12 weeks","1","54","55","12","NOW"
"html-keyboard-response","75","263347","0.0-5.0-3.23","5c9bfbfa325c3d001ad360a8","bdp_td","Thu Mar 30 2023 22:37:12 GMT-0400 (Eastern Daylight Time)","271027","","null","","","","offerFB","","<div class='trialBorder'><div class='vertical-center'><img style='vertical-align:center; align:center' src=img/fixation3.jpg></div><div class='cl'><div class='vertical-center'>$55<br>in<br>12 weeks</div></div><div class='cr'><div class='vertical-center'><font style='color:orange'>$54<br><br>now</font></div></div><div class='respDivL'><div class='vertical-center'>(E)</div></div><div class='respDivR'><div class='vertical-center'><font style='color:orange'>(I)</font></div></div></div>","null","$54<br><br>now","$55<br>in<br>12 weeks","1","54","55","12",""
"html-keyboard-response","76","263848","0.0-5.0-1.24","5c9bfbfa325c3d001ad360a8","bdp_td","Thu Mar 30 2023 22:37:12 GMT-0400 (Eastern Daylight Time)","271027","","null","","","","FIX","","<div class='trialBorder'><div class='vertical-center'><img style='vertical-align:center; align:center' src=img/fixation3.jpg></div></div>","null","","","","","","",""
"html-keyboard-response","77","264984","0.0-5.0-2.24","5c9bfbfa325c3d001ad360a8","bdp_td","Thu Mar 30 2023 22:37:12 GMT-0400 (Eastern Daylight Time)","271027","","1135","","","","offer","","<div class='trialBorder'><div class='vertical-center'><img style='vertical-align:center; align:center' src=img/fixation3.jpg></div><div class='cl'><div class='vertical-center'>$75<br>in<br>12 weeks</div></div><div class='cr'><div class='vertical-center'>$67<br><br>now</div></div><div class='respDivL'><div class='vertical-center'>(E)</div></div><div class='respDivR'><div class='vertical-center'>(I)</div></div></div>","I","$67<br><br>now","$75<br>in<br>12 weeks","1","67","75","12","NOW"
"html-keyboard-response","78","265235","0.0-5.0-3.24","5c9bfbfa325c3d001ad360a8","bdp_td","Thu Mar 30 2023 22:37:12 GMT-0400 (Eastern Daylight Time)","271027","","null","","","","offerFB","","<div class='trialBorder'><div class='vertical-center'><img style='vertical-align:center; align:center' src=img/fixation3.jpg></div><div class='cl'><div class='vertical-center'>$75<br>in<br>12 weeks</div></div><div class='cr'><div class='vertical-center'><font style='color:orange'>$67<br><br>now</font></div></div><div class='respDivL'><div class='vertical-center'>(E)</div></div><div class='respDivR'><div class='vertical-center'><font style='color:orange'>(I)</font></div></div></div>","null","$67<br><br>now","$75<br>in<br>12 weeks","1","67","75","12",""
"html-keyboard-response","79","265737","0.0-5.0-1.25","5c9bfbfa325c3d001ad360a8","bdp_td","Thu Mar 30 2023 22:37:12 GMT-0400 (Eastern Daylight Time)","271027","","null","","","","FIX","","<div class='trialBorder'><div class='vertical-center'><img style='vertical-align:center; align:center' src=img/fixation3.jpg></div></div>","null","","","","","","",""
"html-keyboard-response","80","267833","0.0-5.0-2.25","5c9bfbfa325c3d001ad360a8","bdp_td","Thu Mar 30 2023 22:37:12 GMT-0400 (Eastern Daylight Time)","271027","","2095","","","","offer","","<div class='trialBorder'><div class='vertical-center'><img style='vertical-align:center; align:center' src=img/fixation3.jpg></div><div class='cl'><div class='vertical-center'>$27<br><br>now</div></div><div class='cr'><div class='vertical-center'>$50<br>in<br>3 weeks</div></div><div class='respDivL'><div class='vertical-center'>(E)</div></div><div class='respDivR'><div class='vertical-center'>(I)</div></div></div>","E","$27<br><br>now","$50<br>in<br>3 weeks","0","27","50","3","NOW"
"html-keyboard-response","81","268084","0.0-5.0-3.25","5c9bfbfa325c3d001ad360a8","bdp_td","Thu Mar 30 2023 22:37:12 GMT-0400 (Eastern Daylight Time)","271027","","null","","","","offerFB","","<div class='trialBorder'><div class='vertical-center'><img style='vertical-align:center; align:center' src=img/fixation3.jpg></div><div class='cl'><div class='vertical-center'><font style='color:orange'>$27<br><br>now</font></div></div><div class='cr'><div class='vertical-center'>$50<br>in<br>3 weeks</div></div><div class='respDivL'><div class='vertical-center'><font style='color:orange'>(E)</font></div></div><div class='respDivR'><div class='vertical-center'>(I)</div></div></div>","null","$27<br><br>now","$50<br>in<br>3 weeks","0","27","50","3",""
"html-keyboard-response","82","268585","0.0-5.0-1.26","5c9bfbfa325c3d001ad360a8","bdp_td","Thu Mar 30 2023 22:37:12 GMT-0400 (Eastern Daylight Time)","271027","","null","","","","FIX","","<div class='trialBorder'><div class='vertical-center'><img style='vertical-align:center; align:center' src=img/fixation3.jpg></div></div>","null","","","","","","",""
"html-keyboard-response","83","269774","0.0-5.0-2.26","5c9bfbfa325c3d001ad360a8","bdp_td","Thu Mar 30 2023 22:37:12 GMT-0400 (Eastern Daylight Time)","271027","","1188","","","","offer","","<div class='trialBorder'><div class='vertical-center'><img style='vertical-align:center; align:center' src=img/fixation3.jpg></div><div class='cl'><div class='vertical-center'>$60<br>in<br>12 weeks</div></div><div class='cr'><div class='vertical-center'>$54<br><br>now</div></div><div class='respDivL'><div class='vertical-center'>(E)</div></div><div class='respDivR'><div class='vertical-center'>(I)</div></div></div>","I","$54<br><br>now","$60<br>in<br>12 weeks","1","54","60","12","NOW"
"html-keyboard-response","84","270026","0.0-5.0-3.26","5c9bfbfa325c3d001ad360a8","bdp_td","Thu Mar 30 2023 22:37:12 GMT-0400 (Eastern Daylight Time)","271027","","null","","","","offerFB","","<div class='trialBorder'><div class='vertical-center'><img style='vertical-align:center; align:center' src=img/fixation3.jpg></div><div class='cl'><div class='vertical-center'>$60<br>in<br>12 weeks</div></div><div class='cr'><div class='vertical-center'><font style='color:orange'>$54<br><br>now</font></div></div><div class='respDivL'><div class='vertical-center'>(E)</div></div><div class='respDivR'><div class='vertical-center'><font style='color:orange'>(I)</font></div></div></div>","null","$54<br><br>now","$60<br>in<br>12 weeks","1","54","60","12",""
"","","","","5c9bfbfa325c3d001ad360a8","bdp_td","Thu Mar 30 2023 22:37:12 GMT-0400 (Eastern Daylight Time)","271027","","","fullscreenexit","85","270036","fullscreenexit","","","","","","","","","",""
"fullscreen","85","271027","0.0-6.0","5c9bfbfa325c3d001ad360a8","bdp_td","Thu Mar 30 2023 22:37:12 GMT-0400 (Eastern Daylight Time)","271027","","","","","","","true","","","","","","","","",""
"html-keyboard-response","86","271528","0.0-7.0","","","","","","null","","","","","","","null","","","","","","",""
