"event","trial","time","trialtype","subject_id","task","startTime","totalTime","trial_type","trial_index","time_elapsed","internal_node_id","view_history","rt","responses","success","stimulus","key_press","selfOffer","otherOffer","otherLeft","selfAmt","otherAmt","otherDist","chosen"
"focus","0","0","focusevent","63ea4e8c0e9a66f5843ed4ac","bdp_sd","Sat Mar 25 2023 22:35:04 GMT-0400 (Eastern Daylight Time)","169375","","","","","","","","","","","","","","","","",""
"","","","","63ea4e8c0e9a66f5843ed4ac","bdp_sd","Sat Mar 25 2023 22:35:04 GMT-0400 (Eastern Daylight Time)","169375","pavlovia","0","7","0.0-0.0","","","","","","","","","","","","",""
"","","","","63ea4e8c0e9a66f5843ed4ac","bdp_sd","Sat Mar 25 2023 22:35:04 GMT-0400 (Eastern Daylight Time)","169375","instructions","1","2221","0.0-1.0","[{""page_index"":0,""viewing_time"":2213}]","2213","","","","","","","","","","",""
"","","","","63ea4e8c0e9a66f5843ed4ac","bdp_sd","Sat Mar 25 2023 22:35:04 GMT-0400 (Eastern Daylight Time)","169375","survey-text","2","81404","0.0-2.0","","79178","{""Q0"":""John D"",""Q1"":""Bob E"",""Q2"":""Hank H"",""Q3"":""Dale G"",""Q4"":""Sarah L""}","","","","","","","","","",""
"fullscreenexit","3","82733","fullscreenexit","63ea4e8c0e9a66f5843ed4ac","bdp_sd","Sat Mar 25 2023 22:35:04 GMT-0400 (Eastern Daylight Time)","169375","","","","","","","","","","","","","","","","",""
"","","","","63ea4e8c0e9a66f5843ed4ac","bdp_sd","Sat Mar 25 2023 22:35:04 GMT-0400 (Eastern Daylight Time)","169375","fullscreen","3","83683","0.0-3.0","","","","true","","","","","","","","",""
"","","","fullscreenfail","63ea4e8c0e9a66f5843ed4ac","bdp_sd","Sat Mar 25 2023 22:35:04 GMT-0400 (Eastern Daylight Time)","169375","image-keyboard-response","4","85357","0.0-4.0-0.0","","1667","","","","32","","","","","","",""
"","","","","63ea4e8c0e9a66f5843ed4ac","bdp_sd","Sat Mar 25 2023 22:35:04 GMT-0400 (Eastern Daylight Time)","169375","instructions","5","102180","0.0-5.0","[{""page_index"":0,""viewing_time"":3900},{""page_index"":1,""viewing_time"":6511},{""page_index"":2,""viewing_time"":6157}]","16569","","","","","","","","","","",""
"","","","FIX","63ea4e8c0e9a66f5843ed4ac","bdp_sd","Sat Mar 25 2023 22:35:04 GMT-0400 (Eastern Daylight Time)","169375","html-keyboard-response","6","102682","0.0-6.0-1.0","","null","","","<div class='trialBorder'><div class='vertical-center'><img style='vertical-align:center; align:center' src=img/fixation3.jpg></div></div>","null","","","","","","",""
"","","","offer","63ea4e8c0e9a66f5843ed4ac","bdp_sd","Sat Mar 25 2023 22:35:04 GMT-0400 (Eastern Daylight Time)","169375","html-keyboard-response","7","106167","0.0-6.0-2.0","","3476","","","<div class='trialBorder'><div class='vertical-center'><img style='vertical-align:center; align:center' src=img/fixation3.jpg></div><div class='cl'><div class='vertical-center'>$24<br>for<br>yourself</div></div><div class='cr'><div class='vertical-center'>$35<br>for<br>Hank H</div></div><div class='respDivL'><div class='vertical-center'>(E)</div></div><div class='respDivR'><div class='vertical-center'>(I)</div></div></div>","I","$24<br>for<br>yourself","$35<br>for<br>3","0","24","35","3","OTHER"
"","","","offerFB","63ea4e8c0e9a66f5843ed4ac","bdp_sd","Sat Mar 25 2023 22:35:04 GMT-0400 (Eastern Daylight Time)","169375","html-keyboard-response","8","106422","0.0-6.0-3.0","","null","","","<div class='trialBorder'><div class='vertical-center'><img style='vertical-align:center; align:center' src=img/fixation3.jpg></div><div class='cl'><div class='vertical-center'>$24<br>for<br>yourself</div></div><div class='cr'><div class='vertical-center'><font style='color:orange'>$35<br>for<br>Hank H</font></div></div><div class='respDivL'><div class='vertical-center'>(E)</div></div><div class='respDivR'><div class='vertical-center'><font style='color:orange'>(I)</font></div></div></div>","null","$24<br>for<br>yourself","$35<br>for<br>3","0","24","35","3",""
"","","","FIX","63ea4e8c0e9a66f5843ed4ac","bdp_sd","Sat Mar 25 2023 22:35:04 GMT-0400 (Eastern Daylight Time)","169375","html-keyboard-response","9","106924","0.0-6.0-1.1","","null","","","<div class='trialBorder'><div class='vertical-center'><img style='vertical-align:center; align:center' src=img/fixation3.jpg></div></div>","null","","","","","","",""
"","","","offer","63ea4e8c0e9a66f5843ed4ac","bdp_sd","Sat Mar 25 2023 22:35:04 GMT-0400 (Eastern Daylight Time)","169375","html-keyboard-response","10","109166","0.0-6.0-2.1","","2240","","","<div class='trialBorder'><div class='vertical-center'><img style='vertical-align:center; align:center' src=img/fixation3.jpg></div><div class='cl'><div class='vertical-center'>$28<br>for<br>yourself</div></div><div class='cr'><div class='vertical-center'>$30<br>for<br>Sarah L</div></div><div class='respDivL'><div class='vertical-center'>(E)</div></div><div class='respDivR'><div class='vertical-center'>(I)</div></div></div>","I","$28<br>for<br>yourself","$30<br>for<br>5","0","28","30","5","OTHER"
"","","","offerFB","63ea4e8c0e9a66f5843ed4ac","bdp_sd","Sat Mar 25 2023 22:35:04 GMT-0400 (Eastern Daylight Time)","169375","html-keyboard-response","11","109420","0.0-6.0-3.1","","null","","","<div class='trialBorder'><div class='vertical-center'><img style='vertical-align:center; align:center' src=img/fixation3.jpg></div><div class='cl'><div class='vertical-center'>$28<br>for<br>yourself</div></div><div class='cr'><div class='vertical-center'><font style='color:orange'>$30<br>for<br>Sarah L</font></div></div><div class='respDivL'><div class='vertical-center'>(E)</div></div><div class='respDivR'><div class='vertical-center'><font style='color:orange'>(I)</font></div></div></div>","null","$28<br>for<br>yourself","$30<br>for<br>5","0","28","30","5",""
"","","","FIX","63ea4e8c0e9a66f5843ed4ac","bdp_sd","Sat Mar 25 2023 22:35:04 GMT-0400 (Eastern Daylight Time)","169375","html-keyboard-response","12","109922","0.0-6.0-1.2","","null","","","<div class='trialBorder'><div class='vertical-center'><img style='vertical-align:center; align:center' src=img/fixation3.jpg></div></div>","null","","","","","","",""
"","","","offer","63ea4e8c0e9a66f5843ed4ac","bdp_sd","Sat Mar 25 2023 22:35:04 GMT-0400 (Eastern Daylight Time)","169375","html-keyboard-response","13","111270","0.0-6.0-2.2","","1346","","","<div class='trialBorder'><div class='vertical-center'><img style='vertical-align:center; align:center' src=img/fixation3.jpg></div><div class='cl'><div class='vertical-center'>$85<br>for<br>John D</div></div><div class='cr'><div class='vertical-center'>$31<br>for<br>yourself</div></div><div class='respDivL'><div class='vertical-center'>(E)</div></div><div class='respDivR'><div class='vertical-center'>(I)</div></div></div>","E","$31<br>for<br>yourself","$85<br>for<br>1","1","31","85","1","OTHER"
"","","","offerFB","63ea4e8c0e9a66f5843ed4ac","bdp_sd","Sat Mar 25 2023 22:35:04 GMT-0400 (Eastern Daylight Time)","169375","html-keyboard-response","14","111523","0.0-6.0-3.2","","null","","","<div class='trialBorder'><div class='vertical-center'><img style='vertical-align:center; align:center' src=img/fixation3.jpg></div><div class='cl'><div class='vertical-center'><font style='color:orange'>$85<br>for<br>John D</font></div></div><div class='cr'><div class='vertical-center'>$31<br>for<br>yourself</div></div><div class='respDivL'><div class='vertical-center'><font style='color:orange'>(E)</font></div></div><div class='respDivR'><div class='vertical-center'>(I)</div></div></div>","null","$31<br>for<br>yourself","$85<br>for<br>1","1","31","85","1",""
"","","","FIX","63ea4e8c0e9a66f5843ed4ac","bdp_sd","Sat Mar 25 2023 22:35:04 GMT-0400 (Eastern Daylight Time)","169375","html-keyboard-response","15","112024","0.0-6.0-1.3","","null","","","<div class='trialBorder'><div class='vertical-center'><img style='vertical-align:center; align:center' src=img/fixation3.jpg></div></div>","null","","","","","","",""
"","","","offer","63ea4e8c0e9a66f5843ed4ac","bdp_sd","Sat Mar 25 2023 22:35:04 GMT-0400 (Eastern Daylight Time)","169375","html-keyboard-response","16","114296","0.0-6.0-2.3","","2268","","","<div class='trialBorder'><div class='vertical-center'><img style='vertical-align:center; align:center' src=img/fixation3.jpg></div><div class='cl'><div class='vertical-center'>$69<br>for<br>yourself</div></div><div class='cr'><div class='vertical-center'>$85<br>for<br>Dale G</div></div><div class='respDivL'><div class='vertical-center'>(E)</div></div><div class='respDivR'><div class='vertical-center'>(I)</div></div></div>","I","$69<br>for<br>yourself","$85<br>for<br>4","0","69","85","4","OTHER"
"","","","offerFB","63ea4e8c0e9a66f5843ed4ac","bdp_sd","Sat Mar 25 2023 22:35:04 GMT-0400 (Eastern Daylight Time)","169375","html-keyboard-response","17","114550","0.0-6.0-3.3","","null","","","<div class='trialBorder'><div class='vertical-center'><img style='vertical-align:center; align:center' src=img/fixation3.jpg></div><div class='cl'><div class='vertical-center'>$69<br>for<br>yourself</div></div><div class='cr'><div class='vertical-center'><font style='color:orange'>$85<br>for<br>Dale G</font></div></div><div class='respDivL'><div class='vertical-center'>(E)</div></div><div class='respDivR'><div class='vertical-center'><font style='color:orange'>(I)</font></div></div></div>","null","$69<br>for<br>yourself","$85<br>for<br>4","0","69","85","4",""
"","","","FIX","63ea4e8c0e9a66f5843ed4ac","bdp_sd","Sat Mar 25 2023 22:35:04 GMT-0400 (Eastern Daylight Time)","169375","html-keyboard-response","18","115052","0.0-6.0-1.4","","null","","","<div class='trialBorder'><div class='vertical-center'><img style='vertical-align:center; align:center' src=img/fixation3.jpg></div></div>","null","","","","","","",""
"","","","offer","63ea4e8c0e9a66f5843ed4ac","bdp_sd","Sat Mar 25 2023 22:35:04 GMT-0400 (Eastern Daylight Time)","169375","html-keyboard-response","19","116702","0.0-6.0-2.4","","1646","","","<div class='trialBorder'><div class='vertical-center'><img style='vertical-align:center; align:center' src=img/fixation3.jpg></div><div class='cl'><div class='vertical-center'>$60<br>for<br>Hank H</div></div><div class='cr'><div class='vertical-center'>$25<br>for<br>yourself</div></div><div class='respDivL'><div class='vertical-center'>(E)</div></div><div class='respDivR'><div class='vertical-center'>(I)</div></div></div>","E","$25<br>for<br>yourself","$60<br>for<br>3","1","25","60","3","OTHER"
"","","","offerFB","63ea4e8c0e9a66f5843ed4ac","bdp_sd","Sat Mar 25 2023 22:35:04 GMT-0400 (Eastern Daylight Time)","169375","html-keyboard-response","20","116958","0.0-6.0-3.4","","null","","","<div class='trialBorder'><div class='vertical-center'><img style='vertical-align:center; align:center' src=img/fixation3.jpg></div><div class='cl'><div class='vertical-center'><font style='color:orange'>$60<br>for<br>Hank H</font></div></div><div class='cr'><div class='vertical-center'>$25<br>for<br>yourself</div></div><div class='respDivL'><div class='vertical-center'><font style='color:orange'>(E)</font></div></div><div class='respDivR'><div class='vertical-center'>(I)</div></div></div>","null","$25<br>for<br>yourself","$60<br>for<br>3","1","25","60","3",""
"","","","FIX","63ea4e8c0e9a66f5843ed4ac","bdp_sd","Sat Mar 25 2023 22:35:04 GMT-0400 (Eastern Daylight Time)","169375","html-keyboard-response","21","117461","0.0-6.0-1.5","","null","","","<div class='trialBorder'><div class='vertical-center'><img style='vertical-align:center; align:center' src=img/fixation3.jpg></div></div>","null","","","","","","",""
"","","","offer","63ea4e8c0e9a66f5843ed4ac","bdp_sd","Sat Mar 25 2023 22:35:04 GMT-0400 (Eastern Daylight Time)","169375","html-keyboard-response","22","118733","0.0-6.0-2.5","","1269","","","<div class='trialBorder'><div class='vertical-center'><img style='vertical-align:center; align:center' src=img/fixation3.jpg></div><div class='cl'><div class='vertical-center'>$25<br>for<br>Hank H</div></div><div class='cr'><div class='vertical-center'>$14<br>for<br>yourself</div></div><div class='respDivL'><div class='vertical-center'>(E)</div></div><div class='respDivR'><div class='vertical-center'>(I)</div></div></div>","E","$14<br>for<br>yourself","$25<br>for<br>3","1","14","25","3","OTHER"
"","","","offerFB","63ea4e8c0e9a66f5843ed4ac","bdp_sd","Sat Mar 25 2023 22:35:04 GMT-0400 (Eastern Daylight Time)","169375","html-keyboard-response","23","118987","0.0-6.0-3.5","","null","","","<div class='trialBorder'><div class='vertical-center'><img style='vertical-align:center; align:center' src=img/fixation3.jpg></div><div class='cl'><div class='vertical-center'><font style='color:orange'>$25<br>for<br>Hank H</font></div></div><div class='cr'><div class='vertical-center'>$14<br>for<br>yourself</div></div><div class='respDivL'><div class='vertical-center'><font style='color:orange'>(E)</font></div></div><div class='respDivR'><div class='vertical-center'>(I)</div></div></div>","null","$14<br>for<br>yourself","$25<br>for<br>3","1","14","25","3",""
"","","","FIX","63ea4e8c0e9a66f5843ed4ac","bdp_sd","Sat Mar 25 2023 22:35:04 GMT-0400 (Eastern Daylight Time)","169375","html-keyboard-response","24","119490","0.0-6.0-1.6","","null","","","<div class='trialBorder'><div class='vertical-center'><img style='vertical-align:center; align:center' src=img/fixation3.jpg></div></div>","null","","","","","","",""
"","","","offer","63ea4e8c0e9a66f5843ed4ac","bdp_sd","Sat Mar 25 2023 22:35:04 GMT-0400 (Eastern Daylight Time)","169375","html-keyboard-response","25","122014","0.0-6.0-2.6","","2520","","","<div class='trialBorder'><div class='vertical-center'><img style='vertical-align:center; align:center' src=img/fixation3.jpg></div><div class='cl'><div class='vertical-center'>$78<br>for<br>yourself</div></div><div class='cr'><div class='vertical-center'>$80<br>for<br>Sarah L</div></div><div class='respDivL'><div class='vertical-center'>(E)</div></div><div class='respDivR'><div class='vertical-center'>(I)</div></div></div>","E","$78<br>for<br>yourself","$80<br>for<br>5","0","78","80","5","SELF"
"","","","offerFB","63ea4e8c0e9a66f5843ed4ac","bdp_sd","Sat Mar 25 2023 22:35:04 GMT-0400 (Eastern Daylight Time)","169375","html-keyboard-response","26","122267","0.0-6.0-3.6","","null","","","<div class='trialBorder'><div class='vertical-center'><img style='vertical-align:center; align:center' src=img/fixation3.jpg></div><div class='cl'><div class='vertical-center'><font style='color:orange'>$78<br>for<br>yourself</font></div></div><div class='cr'><div class='vertical-center'>$80<br>for<br>Sarah L</div></div><div class='respDivL'><div class='vertical-center'><font style='color:orange'>(E)</font></div></div><div class='respDivR'><div class='vertical-center'>(I)</div></div></div>","null","$78<br>for<br>yourself","$80<br>for<br>5","0","78","80","5",""
"","","","FIX","63ea4e8c0e9a66f5843ed4ac","bdp_sd","Sat Mar 25 2023 22:35:04 GMT-0400 (Eastern Daylight Time)","169375","html-keyboard-response","27","122771","0.0-6.0-1.7","","null","","","<div class='trialBorder'><div class='vertical-center'><img style='vertical-align:center; align:center' src=img/fixation3.jpg></div></div>","null","","","","","","",""
"","","","offer","63ea4e8c0e9a66f5843ed4ac","bdp_sd","Sat Mar 25 2023 22:35:04 GMT-0400 (Eastern Daylight Time)","169375","html-keyboard-response","28","124118","0.0-6.0-2.7","","1345","","","<div class='trialBorder'><div class='vertical-center'><img style='vertical-align:center; align:center' src=img/fixation3.jpg></div><div class='cl'><div class='vertical-center'>$49<br>for<br>yourself</div></div><div class='cr'><div class='vertical-center'>$60<br>for<br>Dale G</div></div><div class='respDivL'><div class='vertical-center'>(E)</div></div><div class='respDivR'><div class='vertical-center'>(I)</div></div></div>","I","$49<br>for<br>yourself","$60<br>for<br>4","0","49","60","4","OTHER"
"","","","offerFB","63ea4e8c0e9a66f5843ed4ac","bdp_sd","Sat Mar 25 2023 22:35:04 GMT-0400 (Eastern Daylight Time)","169375","html-keyboard-response","29","124373","0.0-6.0-3.7","","null","","","<div class='trialBorder'><div class='vertical-center'><img style='vertical-align:center; align:center' src=img/fixation3.jpg></div><div class='cl'><div class='vertical-center'>$49<br>for<br>yourself</div></div><div class='cr'><div class='vertical-center'><font style='color:orange'>$60<br>for<br>Dale G</font></div></div><div class='respDivL'><div class='vertical-center'>(E)</div></div><div class='respDivR'><div class='vertical-center'><font style='color:orange'>(I)</font></div></div></div>","null","$49<br>for<br>yourself","$60<br>for<br>4","0","49","60","4",""
"","","","FIX","63ea4e8c0e9a66f5843ed4ac","bdp_sd","Sat Mar 25 2023 22:35:04 GMT-0400 (Eastern Daylight Time)","169375","html-keyboard-response","30","124876","0.0-6.0-1.8","","null","","","<div class='trialBorder'><div class='vertical-center'><img style='vertical-align:center; align:center' src=img/fixation3.jpg></div></div>","null","","","","","","",""
"","","","offer","63ea4e8c0e9a66f5843ed4ac","bdp_sd","Sat Mar 25 2023 22:35:04 GMT-0400 (Eastern Daylight Time)","169375","html-keyboard-response","31","125837","0.0-6.0-2.8","","959","","","<div class='trialBorder'><div class='vertical-center'><img style='vertical-align:center; align:center' src=img/fixation3.jpg></div><div class='cl'><div class='vertical-center'>$55<br>for<br>yourself</div></div><div class='cr'><div class='vertical-center'>$75<br>for<br>Dale G</div></div><div class='respDivL'><div class='vertical-center'>(E)</div></div><div class='respDivR'><div class='vertical-center'>(I)</div></div></div>","I","$55<br>for<br>yourself","$75<br>for<br>4","0","55","75","4","OTHER"
"","","","offerFB","63ea4e8c0e9a66f5843ed4ac","bdp_sd","Sat Mar 25 2023 22:35:04 GMT-0400 (Eastern Daylight Time)","169375","html-keyboard-response","32","126090","0.0-6.0-3.8","","null","","","<div class='trialBorder'><div class='vertical-center'><img style='vertical-align:center; align:center' src=img/fixation3.jpg></div><div class='cl'><div class='vertical-center'>$55<br>for<br>yourself</div></div><div class='cr'><div class='vertical-center'><font style='color:orange'>$75<br>for<br>Dale G</font></div></div><div class='respDivL'><div class='vertical-center'>(E)</div></div><div class='respDivR'><div class='vertical-center'><font style='color:orange'>(I)</font></div></div></div>","null","$55<br>for<br>yourself","$75<br>for<br>4","0","55","75","4",""
"","","","FIX","63ea4e8c0e9a66f5843ed4ac","bdp_sd","Sat Mar 25 2023 22:35:04 GMT-0400 (Eastern Daylight Time)","169375","html-keyboard-response","33","126593","0.0-6.0-1.9","","null","","","<div class='trialBorder'><div class='vertical-center'><img style='vertical-align:center; align:center' src=img/fixation3.jpg></div></div>","null","","","","","","",""
"","","","offer","63ea4e8c0e9a66f5843ed4ac","bdp_sd","Sat Mar 25 2023 22:35:04 GMT-0400 (Eastern Daylight Time)","169375","html-keyboard-response","34","129054","0.0-6.0-2.9","","2458","","","<div class='trialBorder'><div class='vertical-center'><img style='vertical-align:center; align:center' src=img/fixation3.jpg></div><div class='cl'><div class='vertical-center'>$34<br>for<br>yourself</div></div><div class='cr'><div class='vertical-center'>$35<br>for<br>Sarah L</div></div><div class='respDivL'><div class='vertical-center'>(E)</div></div><div class='respDivR'><div class='vertical-center'>(I)</div></div></div>","I","$34<br>for<br>yourself","$35<br>for<br>5","0","34","35","5","OTHER"
"","","","offerFB","63ea4e8c0e9a66f5843ed4ac","bdp_sd","Sat Mar 25 2023 22:35:04 GMT-0400 (Eastern Daylight Time)","169375","html-keyboard-response","35","129308","0.0-6.0-3.9","","null","","","<div class='trialBorder'><div class='vertical-center'><img style='vertical-align:center; align:center' src=img/fixation3.jpg></div><div class='cl'><div class='vertical-center'>$34<br>for<br>yourself</div></div><div class='cr'><div class='vertical-center'><font style='color:orange'>$35<br>for<br>Sarah L</font></div></div><div class='respDivL'><div class='vertical-center'>(E)</div></div><div class='respDivR'><div class='vertical-center'><font style='color:orange'>(I)</font></div></div></div>","null","$34<br>for<br>yourself","$35<br>for<br>5","0","34","35","5",""
"","","","FIX","63ea4e8c0e9a66f5843ed4ac","bdp_sd","Sat Mar 25 2023 22:35:04 GMT-0400 (Eastern Daylight Time)","169375","html-keyboard-response","36","129810","0.0-6.0-1.10","","null","","","<div class='trialBorder'><div class='vertical-center'><img style='vertical-align:center; align:center' src=img/fixation3.jpg></div></div>","null","","","","","","",""
"","","","offer","63ea4e8c0e9a66f5843ed4ac","bdp_sd","Sat Mar 25 2023 22:35:04 GMT-0400 (Eastern Daylight Time)","169375","html-keyboard-response","37","131362","0.0-6.0-2.10","","1548","","","<div class='trialBorder'><div class='vertical-center'><img style='vertical-align:center; align:center' src=img/fixation3.jpg></div><div class='cl'><div class='vertical-center'>$80<br>for<br>Hank H</div></div><div class='cr'><div class='vertical-center'>$54<br>for<br>yourself</div></div><div class='respDivL'><div class='vertical-center'>(E)</div></div><div class='respDivR'><div class='vertical-center'>(I)</div></div></div>","E","$54<br>for<br>yourself","$80<br>for<br>3","1","54","80","3","OTHER"
"","","","offerFB","63ea4e8c0e9a66f5843ed4ac","bdp_sd","Sat Mar 25 2023 22:35:04 GMT-0400 (Eastern Daylight Time)","169375","html-keyboard-response","38","131626","0.0-6.0-3.10","","null","","","<div class='trialBorder'><div class='vertical-center'><img style='vertical-align:center; align:center' src=img/fixation3.jpg></div><div class='cl'><div class='vertical-center'><font style='color:orange'>$80<br>for<br>Hank H</font></div></div><div class='cr'><div class='vertical-center'>$54<br>for<br>yourself</div></div><div class='respDivL'><div class='vertical-center'><font style='color:orange'>(E)</font></div></div><div class='respDivR'><div class='vertical-center'>(I)</div></div></div>","null","$54<br>for<br>yourself","$80<br>for<br>3","1","54","80","3",""
"","","","FIX","63ea4e8c0e9a66f5843ed4ac","bdp_sd","Sat Mar 25 2023 22:35:04 GMT-0400 (Eastern Daylight Time)","169375","html-keyboard-response","39","132129","0.0-6.0-1.11","","null","","","<div class='trialBorder'><div class='vertical-center'><img style='vertical-align:center; align:center' src=img/fixation3.jpg></div></div>","null","","","","","","",""
"","","","offer","63ea4e8c0e9a66f5843ed4ac","bdp_sd","Sat Mar 25 2023 22:35:04 GMT-0400 (Eastern Daylight Time)","169375","html-keyboard-response","40","133366","0.0-6.0-2.11","","1233","","","<div class='trialBorder'><div class='vertical-center'><img style='vertical-align:center; align:center' src=img/fixation3.jpg></div><div class='cl'><div class='vertical-center'>$80<br>for<br>Bob E</div></div><div class='cr'><div class='vertical-center'>$33<br>for<br>yourself</div></div><div class='respDivL'><div class='vertical-center'>(E)</div></div><div class='respDivR'><div class='vertical-center'>(I)</div></div></div>","E","$33<br>for<br>yourself","$80<br>for<br>2","1","33","80","2","OTHER"
"","","","offerFB","63ea4e8c0e9a66f5843ed4ac","bdp_sd","Sat Mar 25 2023 22:35:04 GMT-0400 (Eastern Daylight Time)","169375","html-keyboard-response","41","133620","0.0-6.0-3.11","","null","","","<div class='trialBorder'><div class='vertical-center'><img style='vertical-align:center; align:center' src=img/fixation3.jpg></div><div class='cl'><div class='vertical-center'><font style='color:orange'>$80<br>for<br>Bob E</font></div></div><div class='cr'><div class='vertical-center'>$33<br>for<br>yourself</div></div><div class='respDivL'><div class='vertical-center'><font style='color:orange'>(E)</font></div></div><div class='respDivR'><div class='vertical-center'>(I)</div></div></div>","null","$33<br>for<br>yourself","$80<br>for<br>2","1","33","80","2",""
"","","","FIX","63ea4e8c0e9a66f5843ed4ac","bdp_sd","Sat Mar 25 2023 22:35:04 GMT-0400 (Eastern Daylight Time)","169375","html-keyboard-response","42","134123","0.0-6.0-1.12","","null","","","<div class='trialBorder'><div class='vertical-center'><img style='vertical-align:center; align:center' src=img/fixation3.jpg></div></div>","null","","","","","","",""
"","","","offer","63ea4e8c0e9a66f5843ed4ac","bdp_sd","Sat Mar 25 2023 22:35:04 GMT-0400 (Eastern Daylight Time)","169375","html-keyboard-response","43","136095","0.0-6.0-2.12","","1969","","","<div class='trialBorder'><div class='vertical-center'><img style='vertical-align:center; align:center' src=img/fixation3.jpg></div><div class='cl'><div class='vertical-center'>$80<br>for<br>yourself</div></div><div class='cr'><div class='vertical-center'>$85<br>for<br>Sarah L</div></div><div class='respDivL'><div class='vertical-center'>(E)</div></div><div class='respDivR'><div class='vertical-center'>(I)</div></div></div>","E","$80<br>for<br>yourself","$85<br>for<br>5","0","80","85","5","SELF"
"","","","offerFB","63ea4e8c0e9a66f5843ed4ac","bdp_sd","Sat Mar 25 2023 22:35:04 GMT-0400 (Eastern Daylight Time)","169375","html-keyboard-response","44","136349","0.0-6.0-3.12","","null","","","<div class='trialBorder'><div class='vertical-center'><img style='vertical-align:center; align:center' src=img/fixation3.jpg></div><div class='cl'><div class='vertical-center'><font style='color:orange'>$80<br>for<br>yourself</font></div></div><div class='cr'><div class='vertical-center'>$85<br>for<br>Sarah L</div></div><div class='respDivL'><div class='vertical-center'><font style='color:orange'>(E)</font></div></div><div class='respDivR'><div class='vertical-center'>(I)</div></div></div>","null","$80<br>for<br>yourself","$85<br>for<br>5","0","80","85","5",""
"","","","FIX","63ea4e8c0e9a66f5843ed4ac","bdp_sd","Sat Mar 25 2023 22:35:04 GMT-0400 (Eastern Daylight Time)","169375","html-keyboard-response","45","136856","0.0-6.0-1.13","","null","","","<div class='trialBorder'><div class='vertical-center'><img style='vertical-align:center; align:center' src=img/fixation3.jpg></div></div>","null","","","","","","",""
"","","","offer","63ea4e8c0e9a66f5843ed4ac","bdp_sd","Sat Mar 25 2023 22:35:04 GMT-0400 (Eastern Daylight Time)","169375","html-keyboard-response","46","138910","0.0-6.0-2.13","","2050","","","<div class='trialBorder'><div class='vertical-center'><img style='vertical-align:center; align:center' src=img/fixation3.jpg></div><div class='cl'><div class='vertical-center'>$60<br>for<br>Sarah L</div></div><div class='cr'><div class='vertical-center'>$54<br>for<br>yourself</div></div><div class='respDivL'><div class='vertical-center'>(E)</div></div><div class='respDivR'><div class='vertical-center'>(I)</div></div></div>","E","$54<br>for<br>yourself","$60<br>for<br>5","1","54","60","5","OTHER"
"","","","offerFB","63ea4e8c0e9a66f5843ed4ac","bdp_sd","Sat Mar 25 2023 22:35:04 GMT-0400 (Eastern Daylight Time)","169375","html-keyboard-response","47","139165","0.0-6.0-3.13","","null","","","<div class='trialBorder'><div class='vertical-center'><img style='vertical-align:center; align:center' src=img/fixation3.jpg></div><div class='cl'><div class='vertical-center'><font style='color:orange'>$60<br>for<br>Sarah L</font></div></div><div class='cr'><div class='vertical-center'>$54<br>for<br>yourself</div></div><div class='respDivL'><div class='vertical-center'><font style='color:orange'>(E)</font></div></div><div class='respDivR'><div class='vertical-center'>(I)</div></div></div>","null","$54<br>for<br>yourself","$60<br>for<br>5","1","54","60","5",""
"","","","FIX","63ea4e8c0e9a66f5843ed4ac","bdp_sd","Sat Mar 25 2023 22:35:04 GMT-0400 (Eastern Daylight Time)","169375","html-keyboard-response","48","139669","0.0-6.0-1.14","","null","","","<div class='trialBorder'><div class='vertical-center'><img style='vertical-align:center; align:center' src=img/fixation3.jpg></div></div>","null","","","","","","",""
"","","","offer","63ea4e8c0e9a66f5843ed4ac","bdp_sd","Sat Mar 25 2023 22:35:04 GMT-0400 (Eastern Daylight Time)","169375","html-keyboard-response","49","141005","0.0-6.0-2.14","","1333","","","<div class='trialBorder'><div class='vertical-center'><img style='vertical-align:center; align:center' src=img/fixation3.jpg></div><div class='cl'><div class='vertical-center'>$22<br>for<br>yourself</div></div><div class='cr'><div class='vertical-center'>$25<br>for<br>Sarah L</div></div><div class='respDivL'><div class='vertical-center'>(E)</div></div><div class='respDivR'><div class='vertical-center'>(I)</div></div></div>","I","$22<br>for<br>yourself","$25<br>for<br>5","0","22","25","5","OTHER"
"","","","offerFB","63ea4e8c0e9a66f5843ed4ac","bdp_sd","Sat Mar 25 2023 22:35:04 GMT-0400 (Eastern Daylight Time)","169375","html-keyboard-response","50","141258","0.0-6.0-3.14","","null","","","<div class='trialBorder'><div class='vertical-center'><img style='vertical-align:center; align:center' src=img/fixation3.jpg></div><div class='cl'><div class='vertical-center'>$22<br>for<br>yourself</div></div><div class='cr'><div class='vertical-center'><font style='color:orange'>$25<br>for<br>Sarah L</font></div></div><div class='respDivL'><div class='vertical-center'>(E)</div></div><div class='respDivR'><div class='vertical-center'><font style='color:orange'>(I)</font></div></div></div>","null","$22<br>for<br>yourself","$25<br>for<br>5","0","22","25","5",""
"","","","FIX","63ea4e8c0e9a66f5843ed4ac","bdp_sd","Sat Mar 25 2023 22:35:04 GMT-0400 (Eastern Daylight Time)","169375","html-keyboard-response","51","141760","0.0-6.0-1.15","","null","","","<div class='trialBorder'><div class='vertical-center'><img style='vertical-align:center; align:center' src=img/fixation3.jpg></div></div>","null","","","","","","",""
"","","","offer","63ea4e8c0e9a66f5843ed4ac","bdp_sd","Sat Mar 25 2023 22:35:04 GMT-0400 (Eastern Daylight Time)","169375","html-keyboard-response","52","143157","0.0-6.0-2.15","","1395","","","<div class='trialBorder'><div class='vertical-center'><img style='vertical-align:center; align:center' src=img/fixation3.jpg></div><div class='cl'><div class='vertical-center'>$75<br>for<br>Hank H</div></div><div class='cr'><div class='vertical-center'>$41<br>for<br>yourself</div></div><div class='respDivL'><div class='vertical-center'>(E)</div></div><div class='respDivR'><div class='vertical-center'>(I)</div></div></div>","E","$41<br>for<br>yourself","$75<br>for<br>3","1","41","75","3","OTHER"
"","","","offerFB","63ea4e8c0e9a66f5843ed4ac","bdp_sd","Sat Mar 25 2023 22:35:04 GMT-0400 (Eastern Daylight Time)","169375","html-keyboard-response","53","143413","0.0-6.0-3.15","","null","","","<div class='trialBorder'><div class='vertical-center'><img style='vertical-align:center; align:center' src=img/fixation3.jpg></div><div class='cl'><div class='vertical-center'><font style='color:orange'>$75<br>for<br>Hank H</font></div></div><div class='cr'><div class='vertical-center'>$41<br>for<br>yourself</div></div><div class='respDivL'><div class='vertical-center'><font style='color:orange'>(E)</font></div></div><div class='respDivR'><div class='vertical-center'>(I)</div></div></div>","null","$41<br>for<br>yourself","$75<br>for<br>3","1","41","75","3",""
"","","","FIX","63ea4e8c0e9a66f5843ed4ac","bdp_sd","Sat Mar 25 2023 22:35:04 GMT-0400 (Eastern Daylight Time)","169375","html-keyboard-response","54","143915","0.0-6.0-1.16","","null","","","<div class='trialBorder'><div class='vertical-center'><img style='vertical-align:center; align:center' src=img/fixation3.jpg></div></div>","null","","","","","","",""
"","","","offer","63ea4e8c0e9a66f5843ed4ac","bdp_sd","Sat Mar 25 2023 22:35:04 GMT-0400 (Eastern Daylight Time)","169375","html-keyboard-response","55","146349","0.0-6.0-2.16","","2432","","","<div class='trialBorder'><div class='vertical-center'><img style='vertical-align:center; align:center' src=img/fixation3.jpg></div><div class='cl'><div class='vertical-center'>$11<br>for<br>yourself</div></div><div class='cr'><div class='vertical-center'>$30<br>for<br>Bob E</div></div><div class='respDivL'><div class='vertical-center'>(E)</div></div><div class='respDivR'><div class='vertical-center'>(I)</div></div></div>","I","$11<br>for<br>yourself","$30<br>for<br>2","0","11","30","2","OTHER"
"","","","offerFB","63ea4e8c0e9a66f5843ed4ac","bdp_sd","Sat Mar 25 2023 22:35:04 GMT-0400 (Eastern Daylight Time)","169375","html-keyboard-response","56","146602","0.0-6.0-3.16","","null","","","<div class='trialBorder'><div class='vertical-center'><img style='vertical-align:center; align:center' src=img/fixation3.jpg></div><div class='cl'><div class='vertical-center'>$11<br>for<br>yourself</div></div><div class='cr'><div class='vertical-center'><font style='color:orange'>$30<br>for<br>Bob E</font></div></div><div class='respDivL'><div class='vertical-center'>(E)</div></div><div class='respDivR'><div class='vertical-center'><font style='color:orange'>(I)</font></div></div></div>","null","$11<br>for<br>yourself","$30<br>for<br>2","0","11","30","2",""
"","","","FIX","63ea4e8c0e9a66f5843ed4ac","bdp_sd","Sat Mar 25 2023 22:35:04 GMT-0400 (Eastern Daylight Time)","169375","html-keyboard-response","57","147104","0.0-6.0-1.17","","null","","","<div class='trialBorder'><div class='vertical-center'><img style='vertical-align:center; align:center' src=img/fixation3.jpg></div></div>","null","","","","","","",""
"","","","offer","63ea4e8c0e9a66f5843ed4ac","bdp_sd","Sat Mar 25 2023 22:35:04 GMT-0400 (Eastern Daylight Time)","169375","html-keyboard-response","58","148704","0.0-6.0-2.17","","1597","","","<div class='trialBorder'><div class='vertical-center'><img style='vertical-align:center; align:center' src=img/fixation3.jpg></div><div class='cl'><div class='vertical-center'>$50<br>for<br>Sarah L</div></div><div class='cr'><div class='vertical-center'>$47<br>for<br>yourself</div></div><div class='respDivL'><div class='vertical-center'>(E)</div></div><div class='respDivR'><div class='vertical-center'>(I)</div></div></div>","E","$47<br>for<br>yourself","$50<br>for<br>5","1","47","50","5","OTHER"
"","","","offerFB","63ea4e8c0e9a66f5843ed4ac","bdp_sd","Sat Mar 25 2023 22:35:04 GMT-0400 (Eastern Daylight Time)","169375","html-keyboard-response","59","148957","0.0-6.0-3.17","","null","","","<div class='trialBorder'><div class='vertical-center'><img style='vertical-align:center; align:center' src=img/fixation3.jpg></div><div class='cl'><div class='vertical-center'><font style='color:orange'>$50<br>for<br>Sarah L</font></div></div><div class='cr'><div class='vertical-center'>$47<br>for<br>yourself</div></div><div class='respDivL'><div class='vertical-center'><font style='color:orange'>(E)</font></div></div><div class='respDivR'><div class='vertical-center'>(I)</div></div></div>","null","$47<br>for<br>yourself","$50<br>for<br>5","1","47","50","5",""
"","","","FIX","63ea4e8c0e9a66f5843ed4ac","bdp_sd","Sat Mar 25 2023 22:35:04 GMT-0400 (Eastern Daylight Time)","169375","html-keyboard-response","60","149460","0.0-6.0-1.18","","null","","","<div class='trialBorder'><div class='vertical-center'><img style='vertical-align:center; align:center' src=img/fixation3.jpg></div></div>","null","","","","","","",""
"","","","offer","63ea4e8c0e9a66f5843ed4ac","bdp_sd","Sat Mar 25 2023 22:35:04 GMT-0400 (Eastern Daylight Time)","169375","html-keyboard-response","61","150827","0.0-6.0-2.18","","1364","","","<div class='trialBorder'><div class='vertical-center'><img style='vertical-align:center; align:center' src=img/fixation3.jpg></div><div class='cl'><div class='vertical-center'>$25<br>for<br>yourself</div></div><div class='cr'><div class='vertical-center'>$30<br>for<br>Dale G</div></div><div class='respDivL'><div class='vertical-center'>(E)</div></div><div class='respDivR'><div class='vertical-center'>(I)</div></div></div>","I","$25<br>for<br>yourself","$30<br>for<br>4","0","25","30","4","OTHER"
"","","","offerFB","63ea4e8c0e9a66f5843ed4ac","bdp_sd","Sat Mar 25 2023 22:35:04 GMT-0400 (Eastern Daylight Time)","169375","html-keyboard-response","62","151079","0.0-6.0-3.18","","null","","","<div class='trialBorder'><div class='vertical-center'><img style='vertical-align:center; align:center' src=img/fixation3.jpg></div><div class='cl'><div class='vertical-center'>$25<br>for<br>yourself</div></div><div class='cr'><div class='vertical-center'><font style='color:orange'>$30<br>for<br>Dale G</font></div></div><div class='respDivL'><div class='vertical-center'>(E)</div></div><div class='respDivR'><div class='vertical-center'><font style='color:orange'>(I)</font></div></div></div>","null","$25<br>for<br>yourself","$30<br>for<br>4","0","25","30","4",""
"","","","FIX","63ea4e8c0e9a66f5843ed4ac","bdp_sd","Sat Mar 25 2023 22:35:04 GMT-0400 (Eastern Daylight Time)","169375","html-keyboard-response","63","151582","0.0-6.0-1.19","","null","","","<div class='trialBorder'><div class='vertical-center'><img style='vertical-align:center; align:center' src=img/fixation3.jpg></div></div>","null","","","","","","",""
"","","","offer","63ea4e8c0e9a66f5843ed4ac","bdp_sd","Sat Mar 25 2023 22:35:04 GMT-0400 (Eastern Daylight Time)","169375","html-keyboard-response","64","153174","0.0-6.0-2.19","","1590","","","<div class='trialBorder'><div class='vertical-center'><img style='vertical-align:center; align:center' src=img/fixation3.jpg></div><div class='cl'><div class='vertical-center'>$55<br>for<br>John D</div></div><div class='cr'><div class='vertical-center'>$20<br>for<br>yourself</div></div><div class='respDivL'><div class='vertical-center'>(E)</div></div><div class='respDivR'><div class='vertical-center'>(I)</div></div></div>","E","$20<br>for<br>yourself","$55<br>for<br>1","1","20","55","1","OTHER"
"","","","offerFB","63ea4e8c0e9a66f5843ed4ac","bdp_sd","Sat Mar 25 2023 22:35:04 GMT-0400 (Eastern Daylight Time)","169375","html-keyboard-response","65","153427","0.0-6.0-3.19","","null","","","<div class='trialBorder'><div class='vertical-center'><img style='vertical-align:center; align:center' src=img/fixation3.jpg></div><div class='cl'><div class='vertical-center'><font style='color:orange'>$55<br>for<br>John D</font></div></div><div class='cr'><div class='vertical-center'>$20<br>for<br>yourself</div></div><div class='respDivL'><div class='vertical-center'><font style='color:orange'>(E)</font></div></div><div class='respDivR'><div class='vertical-center'>(I)</div></div></div>","null","$20<br>for<br>yourself","$55<br>for<br>1","1","20","55","1",""
"","","","FIX","63ea4e8c0e9a66f5843ed4ac","bdp_sd","Sat Mar 25 2023 22:35:04 GMT-0400 (Eastern Daylight Time)","169375","html-keyboard-response","66","153930","0.0-6.0-1.20","","null","","","<div class='trialBorder'><div class='vertical-center'><img style='vertical-align:center; align:center' src=img/fixation3.jpg></div></div>","null","","","","","","",""
"","","","offer","63ea4e8c0e9a66f5843ed4ac","bdp_sd","Sat Mar 25 2023 22:35:04 GMT-0400 (Eastern Daylight Time)","169375","html-keyboard-response","67","155119","0.0-6.0-2.20","","1185","","","<div class='trialBorder'><div class='vertical-center'><img style='vertical-align:center; align:center' src=img/fixation3.jpg></div><div class='cl'><div class='vertical-center'>$67<br>for<br>yourself</div></div><div class='cr'><div class='vertical-center'>$75<br>for<br>Sarah L</div></div><div class='respDivL'><div class='vertical-center'>(E)</div></div><div class='respDivR'><div class='vertical-center'>(I)</div></div></div>","I","$67<br>for<br>yourself","$75<br>for<br>5","0","67","75","5","OTHER"
"","","","offerFB","63ea4e8c0e9a66f5843ed4ac","bdp_sd","Sat Mar 25 2023 22:35:04 GMT-0400 (Eastern Daylight Time)","169375","html-keyboard-response","68","155372","0.0-6.0-3.20","","null","","","<div class='trialBorder'><div class='vertical-center'><img style='vertical-align:center; align:center' src=img/fixation3.jpg></div><div class='cl'><div class='vertical-center'>$67<br>for<br>yourself</div></div><div class='cr'><div class='vertical-center'><font style='color:orange'>$75<br>for<br>Sarah L</font></div></div><div class='respDivL'><div class='vertical-center'>(E)</div></div><div class='respDivR'><div class='vertical-center'><font style='color:orange'>(I)</font></div></div></div>","null","$67<br>for<br>yourself","$75<br>for<br>5","0","67","75","5",""
"","","","FIX","63ea4e8c0e9a66f5843ed4ac","bdp_sd","Sat Mar 25 2023 22:35:04 GMT-0400 (Eastern Daylight Time)","169375","html-keyboard-response","69","155876","0.0-6.0-1.21","","null","","","<div class='trialBorder'><div class='vertical-center'><img style='vertical-align:center; align:center' src=img/fixation3.jpg></div></div>","null","","","","","","",""
"","","","offer","63ea4e8c0e9a66f5843ed4ac","bdp_sd","Sat Mar 25 2023 22:35:04 GMT-0400 (Eastern Daylight Time)","169375","html-keyboard-response","70","158084","0.0-6.0-2.21","","2204","","","<div class='trialBorder'><div class='vertical-center'><img style='vertical-align:center; align:center' src=img/fixation3.jpg></div><div class='cl'><div class='vertical-center'>$55<br>for<br>Sarah L</div></div><div class='cr'><div class='vertical-center'>$54<br>for<br>yourself</div></div><div class='respDivL'><div class='vertical-center'>(E)</div></div><div class='respDivR'><div class='vertical-center'>(I)</div></div></div>","I","$54<br>for<br>yourself","$55<br>for<br>5","1","54","55","5","SELF"
"","","","offerFB","63ea4e8c0e9a66f5843ed4ac","bdp_sd","Sat Mar 25 2023 22:35:04 GMT-0400 (Eastern Daylight Time)","169375","html-keyboard-response","71","158337","0.0-6.0-3.21","","null","","","<div class='trialBorder'><div class='vertical-center'><img style='vertical-align:center; align:center' src=img/fixation3.jpg></div><div class='cl'><div class='vertical-center'>$55<br>for<br>Sarah L</div></div><div class='cr'><div class='vertical-center'><font style='color:orange'>$54<br>for<br>yourself</font></div></div><div class='respDivL'><div class='vertical-center'>(E)</div></div><div class='respDivR'><div class='vertical-center'><font style='color:orange'>(I)</font></div></div></div>","null","$54<br>for<br>yourself","$55<br>for<br>5","1","54","55","5",""
"","","","FIX","63ea4e8c0e9a66f5843ed4ac","bdp_sd","Sat Mar 25 2023 22:35:04 GMT-0400 (Eastern Daylight Time)","169375","html-keyboard-response","72","158840","0.0-6.0-1.22","","null","","","<div class='trialBorder'><div class='vertical-center'><img style='vertical-align:center; align:center' src=img/fixation3.jpg></div></div>","null","","","","","","",""
"","","","offer","63ea4e8c0e9a66f5843ed4ac","bdp_sd","Sat Mar 25 2023 22:35:04 GMT-0400 (Eastern Daylight Time)","169375","html-keyboard-response","73","159956","0.0-6.0-2.22","","1115","","","<div class='trialBorder'><div class='vertical-center'><img style='vertical-align:center; align:center' src=img/fixation3.jpg></div><div class='cl'><div class='vertical-center'>$55<br>for<br>Dale G</div></div><div class='cr'><div class='vertical-center'>$40<br>for<br>yourself</div></div><div class='respDivL'><div class='vertical-center'>(E)</div></div><div class='respDivR'><div class='vertical-center'>(I)</div></div></div>","E","$40<br>for<br>yourself","$55<br>for<br>4","1","40","55","4","OTHER"
"","","","offerFB","63ea4e8c0e9a66f5843ed4ac","bdp_sd","Sat Mar 25 2023 22:35:04 GMT-0400 (Eastern Daylight Time)","169375","html-keyboard-response","74","160209","0.0-6.0-3.22","","null","","","<div class='trialBorder'><div class='vertical-center'><img style='vertical-align:center; align:center' src=img/fixation3.jpg></div><div class='cl'><div class='vertical-center'><font style='color:orange'>$55<br>for<br>Dale G</font></div></div><div class='cr'><div class='vertical-center'>$40<br>for<br>yourself</div></div><div class='respDivL'><div class='vertical-center'><font style='color:orange'>(E)</font></div></div><div class='respDivR'><div class='vertical-center'>(I)</div></div></div>","null","$40<br>for<br>yourself","$55<br>for<br>4","1","40","55","4",""
"","","","FIX","63ea4e8c0e9a66f5843ed4ac","bdp_sd","Sat Mar 25 2023 22:35:04 GMT-0400 (Eastern Daylight Time)","169375","html-keyboard-response","75","160712","0.0-6.0-1.23","","null","","","<div class='trialBorder'><div class='vertical-center'><img style='vertical-align:center; align:center' src=img/fixation3.jpg></div></div>","null","","","","","","",""
"","","","offer","63ea4e8c0e9a66f5843ed4ac","bdp_sd","Sat Mar 25 2023 22:35:04 GMT-0400 (Eastern Daylight Time)","169375","html-keyboard-response","76","162486","0.0-6.0-2.23","","1772","","","<div class='trialBorder'><div class='vertical-center'><img style='vertical-align:center; align:center' src=img/fixation3.jpg></div><div class='cl'><div class='vertical-center'>$25<br>for<br>Dale G</div></div><div class='cr'><div class='vertical-center'>$19<br>for<br>yourself</div></div><div class='respDivL'><div class='vertical-center'>(E)</div></div><div class='respDivR'><div class='vertical-center'>(I)</div></div></div>","E","$19<br>for<br>yourself","$25<br>for<br>4","1","19","25","4","OTHER"
"","","","offerFB","63ea4e8c0e9a66f5843ed4ac","bdp_sd","Sat Mar 25 2023 22:35:04 GMT-0400 (Eastern Daylight Time)","169375","html-keyboard-response","77","162739","0.0-6.0-3.23","","null","","","<div class='trialBorder'><div class='vertical-center'><img style='vertical-align:center; align:center' src=img/fixation3.jpg></div><div class='cl'><div class='vertical-center'><font style='color:orange'>$25<br>for<br>Dale G</font></div></div><div class='cr'><div class='vertical-center'>$19<br>for<br>yourself</div></div><div class='respDivL'><div class='vertical-center'><font style='color:orange'>(E)</font></div></div><div class='respDivR'><div class='vertical-center'>(I)</div></div></div>","null","$19<br>for<br>yourself","$25<br>for<br>4","1","19","25","4",""
"","","","FIX","63ea4e8c0e9a66f5843ed4ac","bdp_sd","Sat Mar 25 2023 22:35:04 GMT-0400 (Eastern Daylight Time)","169375","html-keyboard-response","78","163240","0.0-6.0-1.24","","null","","","<div class='trialBorder'><div class='vertical-center'><img style='vertical-align:center; align:center' src=img/fixation3.jpg></div></div>","null","","","","","","",""
"","","","offer","63ea4e8c0e9a66f5843ed4ac","bdp_sd","Sat Mar 25 2023 22:35:04 GMT-0400 (Eastern Daylight Time)","169375","html-keyboard-response","79","164326","0.0-6.0-2.24","","1082","","","<div class='trialBorder'><div class='vertical-center'><img style='vertical-align:center; align:center' src=img/fixation3.jpg></div><div class='cl'><div class='vertical-center'>$50<br>for<br>Hank H</div></div><div class='cr'><div class='vertical-center'>$27<br>for<br>yourself</div></div><div class='respDivL'><div class='vertical-center'>(E)</div></div><div class='respDivR'><div class='vertical-center'>(I)</div></div></div>","E","$27<br>for<br>yourself","$50<br>for<br>3","1","27","50","3","OTHER"
"","","","offerFB","63ea4e8c0e9a66f5843ed4ac","bdp_sd","Sat Mar 25 2023 22:35:04 GMT-0400 (Eastern Daylight Time)","169375","html-keyboard-response","80","164580","0.0-6.0-3.24","","null","","","<div class='trialBorder'><div class='vertical-center'><img style='vertical-align:center; align:center' src=img/fixation3.jpg></div><div class='cl'><div class='vertical-center'><font style='color:orange'>$50<br>for<br>Hank H</font></div></div><div class='cr'><div class='vertical-center'>$27<br>for<br>yourself</div></div><div class='respDivL'><div class='vertical-center'><font style='color:orange'>(E)</font></div></div><div class='respDivR'><div class='vertical-center'>(I)</div></div></div>","null","$27<br>for<br>yourself","$50<br>for<br>3","1","27","50","3",""
"","","","FIX","63ea4e8c0e9a66f5843ed4ac","bdp_sd","Sat Mar 25 2023 22:35:04 GMT-0400 (Eastern Daylight Time)","169375","html-keyboard-response","81","165083","0.0-6.0-1.25","","null","","","<div class='trialBorder'><div class='vertical-center'><img style='vertical-align:center; align:center' src=img/fixation3.jpg></div></div>","null","","","","","","",""
"","","","offer","63ea4e8c0e9a66f5843ed4ac","bdp_sd","Sat Mar 25 2023 22:35:04 GMT-0400 (Eastern Daylight Time)","169375","html-keyboard-response","82","166062","0.0-6.0-2.25","","977","","","<div class='trialBorder'><div class='vertical-center'><img style='vertical-align:center; align:center' src=img/fixation3.jpg></div><div class='cl'><div class='vertical-center'>$15<br>for<br>yourself</div></div><div class='cr'><div class='vertical-center'>$35<br>for<br>Bob E</div></div><div class='respDivL'><div class='vertical-center'>(E)</div></div><div class='respDivR'><div class='vertical-center'>(I)</div></div></div>","I","$15<br>for<br>yourself","$35<br>for<br>2","0","15","35","2","OTHER"
"","","","offerFB","63ea4e8c0e9a66f5843ed4ac","bdp_sd","Sat Mar 25 2023 22:35:04 GMT-0400 (Eastern Daylight Time)","169375","html-keyboard-response","83","166315","0.0-6.0-3.25","","null","","","<div class='trialBorder'><div class='vertical-center'><img style='vertical-align:center; align:center' src=img/fixation3.jpg></div><div class='cl'><div class='vertical-center'>$15<br>for<br>yourself</div></div><div class='cr'><div class='vertical-center'><font style='color:orange'>$35<br>for<br>Bob E</font></div></div><div class='respDivL'><div class='vertical-center'>(E)</div></div><div class='respDivR'><div class='vertical-center'><font style='color:orange'>(I)</font></div></div></div>","null","$15<br>for<br>yourself","$35<br>for<br>2","0","15","35","2",""
"","","","FIX","63ea4e8c0e9a66f5843ed4ac","bdp_sd","Sat Mar 25 2023 22:35:04 GMT-0400 (Eastern Daylight Time)","169375","html-keyboard-response","84","166817","0.0-6.0-1.26","","null","","","<div class='trialBorder'><div class='vertical-center'><img style='vertical-align:center; align:center' src=img/fixation3.jpg></div></div>","null","","","","","","",""
"","","","offer","63ea4e8c0e9a66f5843ed4ac","bdp_sd","Sat Mar 25 2023 22:35:04 GMT-0400 (Eastern Daylight Time)","169375","html-keyboard-response","85","168117","0.0-6.0-2.26","","1299","","","<div class='trialBorder'><div class='vertical-center'><img style='vertical-align:center; align:center' src=img/fixation3.jpg></div><div class='cl'><div class='vertical-center'>$34<br>for<br>yourself</div></div><div class='cr'><div class='vertical-center'>$50<br>for<br>Dale G</div></div><div class='respDivL'><div class='vertical-center'>(E)</div></div><div class='respDivR'><div class='vertical-center'>(I)</div></div></div>","I","$34<br>for<br>yourself","$50<br>for<br>4","0","34","50","4","OTHER"
"","","","offerFB","63ea4e8c0e9a66f5843ed4ac","bdp_sd","Sat Mar 25 2023 22:35:04 GMT-0400 (Eastern Daylight Time)","169375","html-keyboard-response","86","168371","0.0-6.0-3.26","","null","","","<div class='trialBorder'><div class='vertical-center'><img style='vertical-align:center; align:center' src=img/fixation3.jpg></div><div class='cl'><div class='vertical-center'>$34<br>for<br>yourself</div></div><div class='cr'><div class='vertical-center'><font style='color:orange'>$50<br>for<br>Dale G</font></div></div><div class='respDivL'><div class='vertical-center'>(E)</div></div><div class='respDivR'><div class='vertical-center'><font style='color:orange'>(I)</font></div></div></div>","null","$34<br>for<br>yourself","$50<br>for<br>4","0","34","50","4",""
"fullscreenexit","87","168456","fullscreenexit","63ea4e8c0e9a66f5843ed4ac","bdp_sd","Sat Mar 25 2023 22:35:04 GMT-0400 (Eastern Daylight Time)","169375","","","","","","","","","","","","","","","","",""
"","","","","63ea4e8c0e9a66f5843ed4ac","bdp_sd","Sat Mar 25 2023 22:35:04 GMT-0400 (Eastern Daylight Time)","169375","fullscreen","87","169374","0.0-7.0","","","","true","","","","","","","","",""
"","","","","","","","","html-keyboard-response","88","169876","0.0-8.0","","null","","","","null","","","","","","",""
