"event","trial","time","trialtype","numBlurs","subject_id","task","startTime","totalTime","trial_type","trial_index","time_elapsed","internal_node_id","view_history","rt","responses","success","stimulus","key_press","selfOffer","otherOffer","otherLeft","selfAmt","otherAmt","otherDist","chosen"
"blur","0","0","blurevent","1","636570d91a49a6d6cbcbc854","bdp_sd","Mon Mar 27 2023 10:47:01 GMT (Coordinated Universal Time)","526784","","","","","","","","","","","","","","","","",""
"","","","","","636570d91a49a6d6cbcbc854","bdp_sd","Mon Mar 27 2023 10:47:01 GMT (Coordinated Universal Time)","526784","pavlovia","0","20","0.0-0.0","","","","","","","","","","","","",""
"focus","1","2409","focusevent","","636570d91a49a6d6cbcbc854","bdp_sd","Mon Mar 27 2023 10:47:01 GMT (Coordinated Universal Time)","526784","","","","","","","","","","","","","","","","",""
"","","","","","636570d91a49a6d6cbcbc854","bdp_sd","Mon Mar 27 2023 10:47:01 GMT (Coordinated Universal Time)","526784","instructions","1","9725","0.0-1.0","[{""page_index"":0,""viewing_time"":9702}]","9702","","","","","","","","","","",""
"","","","","","636570d91a49a6d6cbcbc854","bdp_sd","Mon Mar 27 2023 10:47:01 GMT (Coordinated Universal Time)","526784","survey-text","2","204423","0.0-2.0","","194696","{""Q0"":""Cynthia A"",""Q1"":""Chris D"",""Q2"":""Steven S"",""Q3"":""Larson K"",""Q4"":""Ernest E""}","","","","","","","","","",""
"fullscreenenter","3","208067","fullscreenenter","","636570d91a49a6d6cbcbc854","bdp_sd","Mon Mar 27 2023 10:47:01 GMT (Coordinated Universal Time)","526784","","","","","","","","","","","","","","","","",""
"","","","","","636570d91a49a6d6cbcbc854","bdp_sd","Mon Mar 27 2023 10:47:01 GMT (Coordinated Universal Time)","526784","fullscreen","3","209007","0.0-3.0","","","","true","","","","","","","","",""
"","","","","","636570d91a49a6d6cbcbc854","bdp_sd","Mon Mar 27 2023 10:47:01 GMT (Coordinated Universal Time)","526784","instructions","4","370734","0.0-5.0","[{""page_index"":0,""viewing_time"":81049},{""page_index"":1,""viewing_time"":60892},{""page_index"":2,""viewing_time"":19777}]","161719","","","","","","","","","","",""
"","","","blurwarn","1","636570d91a49a6d6cbcbc854","bdp_sd","Mon Mar 27 2023 10:47:01 GMT (Coordinated Universal Time)","526784","image-keyboard-response","5","402784","0.0-6.0-0.0-0.0","","32044","","","","49","","","","","","",""
"","","","FIX","","636570d91a49a6d6cbcbc854","bdp_sd","Mon Mar 27 2023 10:47:01 GMT (Coordinated Universal Time)","526784","html-keyboard-response","6","403540","0.0-6.0-1.0","","null","","","<div class='trialBorder'><div class='vertical-center'><img style='vertical-align:center; align:center' src=img/fixation3.jpg></div></div>","null","","","","","","",""
"","","","offer","","636570d91a49a6d6cbcbc854","bdp_sd","Mon Mar 27 2023 10:47:01 GMT (Coordinated Universal Time)","526784","html-keyboard-response","7","413329","0.0-6.0-2.0","","9784","","","<div class='trialBorder'><div class='vertical-center'><img style='vertical-align:center; align:center' src=img/fixation3.jpg></div><div class='cl'><div class='vertical-center'>$50<br>for<br>Steven S</div></div><div class='cr'><div class='vertical-center'>$27<br>for<br>yourself</div></div><div class='respDivL'><div class='vertical-center'>(E)</div></div><div class='respDivR'><div class='vertical-center'>(I)</div></div></div>","I","$27<br>for<br>yourself","$50<br>for<br>3","1","27","50","3","SELF"
"","","","offerFB","","636570d91a49a6d6cbcbc854","bdp_sd","Mon Mar 27 2023 10:47:01 GMT (Coordinated Universal Time)","526784","html-keyboard-response","8","413588","0.0-6.0-3.0","","null","","","<div class='trialBorder'><div class='vertical-center'><img style='vertical-align:center; align:center' src=img/fixation3.jpg></div><div class='cl'><div class='vertical-center'>$50<br>for<br>Steven S</div></div><div class='cr'><div class='vertical-center'><font style='color:orange'>$27<br>for<br>yourself</font></div></div><div class='respDivL'><div class='vertical-center'>(E)</div></div><div class='respDivR'><div class='vertical-center'><font style='color:orange'>(I)</font></div></div></div>","null","$27<br>for<br>yourself","$50<br>for<br>3","1","27","50","3",""
"","","","FIX","","636570d91a49a6d6cbcbc854","bdp_sd","Mon Mar 27 2023 10:47:01 GMT (Coordinated Universal Time)","526784","html-keyboard-response","9","414092","0.0-6.0-1.1","","null","","","<div class='trialBorder'><div class='vertical-center'><img style='vertical-align:center; align:center' src=img/fixation3.jpg></div></div>","null","","","","","","",""
"","","","offer","","636570d91a49a6d6cbcbc854","bdp_sd","Mon Mar 27 2023 10:47:01 GMT (Coordinated Universal Time)","526784","html-keyboard-response","10","417995","0.0-6.0-2.1","","3899","","","<div class='trialBorder'><div class='vertical-center'><img style='vertical-align:center; align:center' src=img/fixation3.jpg></div><div class='cl'><div class='vertical-center'>$22<br>for<br>yourself</div></div><div class='cr'><div class='vertical-center'>$25<br>for<br>Ernest E</div></div><div class='respDivL'><div class='vertical-center'>(E)</div></div><div class='respDivR'><div class='vertical-center'>(I)</div></div></div>","E","$22<br>for<br>yourself","$25<br>for<br>5","0","22","25","5","SELF"
"","","","offerFB","","636570d91a49a6d6cbcbc854","bdp_sd","Mon Mar 27 2023 10:47:01 GMT (Coordinated Universal Time)","526784","html-keyboard-response","11","418250","0.0-6.0-3.1","","null","","","<div class='trialBorder'><div class='vertical-center'><img style='vertical-align:center; align:center' src=img/fixation3.jpg></div><div class='cl'><div class='vertical-center'><font style='color:orange'>$22<br>for<br>yourself</font></div></div><div class='cr'><div class='vertical-center'>$25<br>for<br>Ernest E</div></div><div class='respDivL'><div class='vertical-center'><font style='color:orange'>(E)</font></div></div><div class='respDivR'><div class='vertical-center'>(I)</div></div></div>","null","$22<br>for<br>yourself","$25<br>for<br>5","0","22","25","5",""
"","","","FIX","","636570d91a49a6d6cbcbc854","bdp_sd","Mon Mar 27 2023 10:47:01 GMT (Coordinated Universal Time)","526784","html-keyboard-response","12","418751","0.0-6.0-1.2","","null","","","<div class='trialBorder'><div class='vertical-center'><img style='vertical-align:center; align:center' src=img/fixation3.jpg></div></div>","null","","","","","","",""
"","","","offer","","636570d91a49a6d6cbcbc854","bdp_sd","Mon Mar 27 2023 10:47:01 GMT (Coordinated Universal Time)","526784","html-keyboard-response","13","421076","0.0-6.0-2.2","","2321","","","<div class='trialBorder'><div class='vertical-center'><img style='vertical-align:center; align:center' src=img/fixation3.jpg></div><div class='cl'><div class='vertical-center'>$60<br>for<br>Larson K</div></div><div class='cr'><div class='vertical-center'>$49<br>for<br>yourself</div></div><div class='respDivL'><div class='vertical-center'>(E)</div></div><div class='respDivR'><div class='vertical-center'>(I)</div></div></div>","I","$49<br>for<br>yourself","$60<br>for<br>4","1","49","60","4","SELF"
"","","","offerFB","","636570d91a49a6d6cbcbc854","bdp_sd","Mon Mar 27 2023 10:47:01 GMT (Coordinated Universal Time)","526784","html-keyboard-response","14","421331","0.0-6.0-3.2","","null","","","<div class='trialBorder'><div class='vertical-center'><img style='vertical-align:center; align:center' src=img/fixation3.jpg></div><div class='cl'><div class='vertical-center'>$60<br>for<br>Larson K</div></div><div class='cr'><div class='vertical-center'><font style='color:orange'>$49<br>for<br>yourself</font></div></div><div class='respDivL'><div class='vertical-center'>(E)</div></div><div class='respDivR'><div class='vertical-center'><font style='color:orange'>(I)</font></div></div></div>","null","$49<br>for<br>yourself","$60<br>for<br>4","1","49","60","4",""
"","","","FIX","","636570d91a49a6d6cbcbc854","bdp_sd","Mon Mar 27 2023 10:47:01 GMT (Coordinated Universal Time)","526784","html-keyboard-response","15","421835","0.0-6.0-1.3","","null","","","<div class='trialBorder'><div class='vertical-center'><img style='vertical-align:center; align:center' src=img/fixation3.jpg></div></div>","null","","","","","","",""
"","","","offer","","636570d91a49a6d6cbcbc854","bdp_sd","Mon Mar 27 2023 10:47:01 GMT (Coordinated Universal Time)","526784","html-keyboard-response","16","425556","0.0-6.0-2.3","","3718","","","<div class='trialBorder'><div class='vertical-center'><img style='vertical-align:center; align:center' src=img/fixation3.jpg></div><div class='cl'><div class='vertical-center'>$80<br>for<br>yourself</div></div><div class='cr'><div class='vertical-center'>$85<br>for<br>Ernest E</div></div><div class='respDivL'><div class='vertical-center'>(E)</div></div><div class='respDivR'><div class='vertical-center'>(I)</div></div></div>","E","$80<br>for<br>yourself","$85<br>for<br>5","0","80","85","5","SELF"
"","","","offerFB","","636570d91a49a6d6cbcbc854","bdp_sd","Mon Mar 27 2023 10:47:01 GMT (Coordinated Universal Time)","526784","html-keyboard-response","17","425812","0.0-6.0-3.3","","null","","","<div class='trialBorder'><div class='vertical-center'><img style='vertical-align:center; align:center' src=img/fixation3.jpg></div><div class='cl'><div class='vertical-center'><font style='color:orange'>$80<br>for<br>yourself</font></div></div><div class='cr'><div class='vertical-center'>$85<br>for<br>Ernest E</div></div><div class='respDivL'><div class='vertical-center'><font style='color:orange'>(E)</font></div></div><div class='respDivR'><div class='vertical-center'>(I)</div></div></div>","null","$80<br>for<br>yourself","$85<br>for<br>5","0","80","85","5",""
"","","","FIX","","636570d91a49a6d6cbcbc854","bdp_sd","Mon Mar 27 2023 10:47:01 GMT (Coordinated Universal Time)","526784","html-keyboard-response","18","426316","0.0-6.0-1.4","","null","","","<div class='trialBorder'><div class='vertical-center'><img style='vertical-align:center; align:center' src=img/fixation3.jpg></div></div>","null","","","","","","",""
"","","","offer","","636570d91a49a6d6cbcbc854","bdp_sd","Mon Mar 27 2023 10:47:01 GMT (Coordinated Universal Time)","526784","html-keyboard-response","19","434237","0.0-6.0-2.4","","7918","","","<div class='trialBorder'><div class='vertical-center'><img style='vertical-align:center; align:center' src=img/fixation3.jpg></div><div class='cl'><div class='vertical-center'>$35<br>for<br>Chris D</div></div><div class='cr'><div class='vertical-center'>$15<br>for<br>yourself</div></div><div class='respDivL'><div class='vertical-center'>(E)</div></div><div class='respDivR'><div class='vertical-center'>(I)</div></div></div>","E","$15<br>for<br>yourself","$35<br>for<br>2","1","15","35","2","OTHER"
"","","","offerFB","","636570d91a49a6d6cbcbc854","bdp_sd","Mon Mar 27 2023 10:47:01 GMT (Coordinated Universal Time)","526784","html-keyboard-response","20","434493","0.0-6.0-3.4","","null","","","<div class='trialBorder'><div class='vertical-center'><img style='vertical-align:center; align:center' src=img/fixation3.jpg></div><div class='cl'><div class='vertical-center'><font style='color:orange'>$35<br>for<br>Chris D</font></div></div><div class='cr'><div class='vertical-center'>$15<br>for<br>yourself</div></div><div class='respDivL'><div class='vertical-center'><font style='color:orange'>(E)</font></div></div><div class='respDivR'><div class='vertical-center'>(I)</div></div></div>","null","$15<br>for<br>yourself","$35<br>for<br>2","1","15","35","2",""
"","","","FIX","","636570d91a49a6d6cbcbc854","bdp_sd","Mon Mar 27 2023 10:47:01 GMT (Coordinated Universal Time)","526784","html-keyboard-response","21","434996","0.0-6.0-1.5","","null","","","<div class='trialBorder'><div class='vertical-center'><img style='vertical-align:center; align:center' src=img/fixation3.jpg></div></div>","null","","","","","","",""
"","","","offer","","636570d91a49a6d6cbcbc854","bdp_sd","Mon Mar 27 2023 10:47:01 GMT (Coordinated Universal Time)","526784","html-keyboard-response","22","440139","0.0-6.0-2.5","","5139","","","<div class='trialBorder'><div class='vertical-center'><img style='vertical-align:center; align:center' src=img/fixation3.jpg></div><div class='cl'><div class='vertical-center'>$24<br>for<br>yourself</div></div><div class='cr'><div class='vertical-center'>$35<br>for<br>Steven S</div></div><div class='respDivL'><div class='vertical-center'>(E)</div></div><div class='respDivR'><div class='vertical-center'>(I)</div></div></div>","I","$24<br>for<br>yourself","$35<br>for<br>3","0","24","35","3","OTHER"
"","","","offerFB","","636570d91a49a6d6cbcbc854","bdp_sd","Mon Mar 27 2023 10:47:01 GMT (Coordinated Universal Time)","526784","html-keyboard-response","23","440395","0.0-6.0-3.5","","null","","","<div class='trialBorder'><div class='vertical-center'><img style='vertical-align:center; align:center' src=img/fixation3.jpg></div><div class='cl'><div class='vertical-center'>$24<br>for<br>yourself</div></div><div class='cr'><div class='vertical-center'><font style='color:orange'>$35<br>for<br>Steven S</font></div></div><div class='respDivL'><div class='vertical-center'>(E)</div></div><div class='respDivR'><div class='vertical-center'><font style='color:orange'>(I)</font></div></div></div>","null","$24<br>for<br>yourself","$35<br>for<br>3","0","24","35","3",""
"","","","FIX","","636570d91a49a6d6cbcbc854","bdp_sd","Mon Mar 27 2023 10:47:01 GMT (Coordinated Universal Time)","526784","html-keyboard-response","24","440898","0.0-6.0-1.6","","null","","","<div class='trialBorder'><div class='vertical-center'><img style='vertical-align:center; align:center' src=img/fixation3.jpg></div></div>","null","","","","","","",""
"","","","offer","","636570d91a49a6d6cbcbc854","bdp_sd","Mon Mar 27 2023 10:47:01 GMT (Coordinated Universal Time)","526784","html-keyboard-response","25","448934","0.0-6.0-2.6","","8033","","","<div class='trialBorder'><div class='vertical-center'><img style='vertical-align:center; align:center' src=img/fixation3.jpg></div><div class='cl'><div class='vertical-center'>$14<br>for<br>yourself</div></div><div class='cr'><div class='vertical-center'>$25<br>for<br>Steven S</div></div><div class='respDivL'><div class='vertical-center'>(E)</div></div><div class='respDivR'><div class='vertical-center'>(I)</div></div></div>","E","$14<br>for<br>yourself","$25<br>for<br>3","0","14","25","3","SELF"
"","","","offerFB","","636570d91a49a6d6cbcbc854","bdp_sd","Mon Mar 27 2023 10:47:01 GMT (Coordinated Universal Time)","526784","html-keyboard-response","26","449197","0.0-6.0-3.6","","null","","","<div class='trialBorder'><div class='vertical-center'><img style='vertical-align:center; align:center' src=img/fixation3.jpg></div><div class='cl'><div class='vertical-center'><font style='color:orange'>$14<br>for<br>yourself</font></div></div><div class='cr'><div class='vertical-center'>$25<br>for<br>Steven S</div></div><div class='respDivL'><div class='vertical-center'><font style='color:orange'>(E)</font></div></div><div class='respDivR'><div class='vertical-center'>(I)</div></div></div>","null","$14<br>for<br>yourself","$25<br>for<br>3","0","14","25","3",""
"","","","FIX","","636570d91a49a6d6cbcbc854","bdp_sd","Mon Mar 27 2023 10:47:01 GMT (Coordinated Universal Time)","526784","html-keyboard-response","27","449699","0.0-6.0-1.7","","null","","","<div class='trialBorder'><div class='vertical-center'><img style='vertical-align:center; align:center' src=img/fixation3.jpg></div></div>","null","","","","","","",""
"","","","offer","","636570d91a49a6d6cbcbc854","bdp_sd","Mon Mar 27 2023 10:47:01 GMT (Coordinated Universal Time)","526784","html-keyboard-response","28","452118","0.0-6.0-2.7","","2415","","","<div class='trialBorder'><div class='vertical-center'><img style='vertical-align:center; align:center' src=img/fixation3.jpg></div><div class='cl'><div class='vertical-center'>$55<br>for<br>Ernest E</div></div><div class='cr'><div class='vertical-center'>$54<br>for<br>yourself</div></div><div class='respDivL'><div class='vertical-center'>(E)</div></div><div class='respDivR'><div class='vertical-center'>(I)</div></div></div>","I","$54<br>for<br>yourself","$55<br>for<br>5","1","54","55","5","SELF"
"","","","offerFB","","636570d91a49a6d6cbcbc854","bdp_sd","Mon Mar 27 2023 10:47:01 GMT (Coordinated Universal Time)","526784","html-keyboard-response","29","452371","0.0-6.0-3.7","","null","","","<div class='trialBorder'><div class='vertical-center'><img style='vertical-align:center; align:center' src=img/fixation3.jpg></div><div class='cl'><div class='vertical-center'>$55<br>for<br>Ernest E</div></div><div class='cr'><div class='vertical-center'><font style='color:orange'>$54<br>for<br>yourself</font></div></div><div class='respDivL'><div class='vertical-center'>(E)</div></div><div class='respDivR'><div class='vertical-center'><font style='color:orange'>(I)</font></div></div></div>","null","$54<br>for<br>yourself","$55<br>for<br>5","1","54","55","5",""
"","","","FIX","","636570d91a49a6d6cbcbc854","bdp_sd","Mon Mar 27 2023 10:47:01 GMT (Coordinated Universal Time)","526784","html-keyboard-response","30","452875","0.0-6.0-1.8","","null","","","<div class='trialBorder'><div class='vertical-center'><img style='vertical-align:center; align:center' src=img/fixation3.jpg></div></div>","null","","","","","","",""
"","","","offer","","636570d91a49a6d6cbcbc854","bdp_sd","Mon Mar 27 2023 10:47:01 GMT (Coordinated Universal Time)","526784","html-keyboard-response","31","455637","0.0-6.0-2.8","","2758","","","<div class='trialBorder'><div class='vertical-center'><img style='vertical-align:center; align:center' src=img/fixation3.jpg></div><div class='cl'><div class='vertical-center'>$19<br>for<br>yourself</div></div><div class='cr'><div class='vertical-center'>$25<br>for<br>Larson K</div></div><div class='respDivL'><div class='vertical-center'>(E)</div></div><div class='respDivR'><div class='vertical-center'>(I)</div></div></div>","E","$19<br>for<br>yourself","$25<br>for<br>4","0","19","25","4","SELF"
"","","","offerFB","","636570d91a49a6d6cbcbc854","bdp_sd","Mon Mar 27 2023 10:47:01 GMT (Coordinated Universal Time)","526784","html-keyboard-response","32","455891","0.0-6.0-3.8","","null","","","<div class='trialBorder'><div class='vertical-center'><img style='vertical-align:center; align:center' src=img/fixation3.jpg></div><div class='cl'><div class='vertical-center'><font style='color:orange'>$19<br>for<br>yourself</font></div></div><div class='cr'><div class='vertical-center'>$25<br>for<br>Larson K</div></div><div class='respDivL'><div class='vertical-center'><font style='color:orange'>(E)</font></div></div><div class='respDivR'><div class='vertical-center'>(I)</div></div></div>","null","$19<br>for<br>yourself","$25<br>for<br>4","0","19","25","4",""
"","","","FIX","","636570d91a49a6d6cbcbc854","bdp_sd","Mon Mar 27 2023 10:47:01 GMT (Coordinated Universal Time)","526784","html-keyboard-response","33","456394","0.0-6.0-1.9","","null","","","<div class='trialBorder'><div class='vertical-center'><img style='vertical-align:center; align:center' src=img/fixation3.jpg></div></div>","null","","","","","","",""
"","","","offer","","636570d91a49a6d6cbcbc854","bdp_sd","Mon Mar 27 2023 10:47:01 GMT (Coordinated Universal Time)","526784","html-keyboard-response","34","457821","0.0-6.0-2.9","","1423","","","<div class='trialBorder'><div class='vertical-center'><img style='vertical-align:center; align:center' src=img/fixation3.jpg></div><div class='cl'><div class='vertical-center'>$30<br>for<br>Ernest E</div></div><div class='cr'><div class='vertical-center'>$28<br>for<br>yourself</div></div><div class='respDivL'><div class='vertical-center'>(E)</div></div><div class='respDivR'><div class='vertical-center'>(I)</div></div></div>","I","$28<br>for<br>yourself","$30<br>for<br>5","1","28","30","5","SELF"
"","","","offerFB","","636570d91a49a6d6cbcbc854","bdp_sd","Mon Mar 27 2023 10:47:01 GMT (Coordinated Universal Time)","526784","html-keyboard-response","35","458076","0.0-6.0-3.9","","null","","","<div class='trialBorder'><div class='vertical-center'><img style='vertical-align:center; align:center' src=img/fixation3.jpg></div><div class='cl'><div class='vertical-center'>$30<br>for<br>Ernest E</div></div><div class='cr'><div class='vertical-center'><font style='color:orange'>$28<br>for<br>yourself</font></div></div><div class='respDivL'><div class='vertical-center'>(E)</div></div><div class='respDivR'><div class='vertical-center'><font style='color:orange'>(I)</font></div></div></div>","null","$28<br>for<br>yourself","$30<br>for<br>5","1","28","30","5",""
"","","","FIX","","636570d91a49a6d6cbcbc854","bdp_sd","Mon Mar 27 2023 10:47:01 GMT (Coordinated Universal Time)","526784","html-keyboard-response","36","458579","0.0-6.0-1.10","","null","","","<div class='trialBorder'><div class='vertical-center'><img style='vertical-align:center; align:center' src=img/fixation3.jpg></div></div>","null","","","","","","",""
"","","","offer","","636570d91a49a6d6cbcbc854","bdp_sd","Mon Mar 27 2023 10:47:01 GMT (Coordinated Universal Time)","526784","html-keyboard-response","37","461659","0.0-6.0-2.10","","3076","","","<div class='trialBorder'><div class='vertical-center'><img style='vertical-align:center; align:center' src=img/fixation3.jpg></div><div class='cl'><div class='vertical-center'>$31<br>for<br>yourself</div></div><div class='cr'><div class='vertical-center'>$85<br>for<br>Cynthia A</div></div><div class='respDivL'><div class='vertical-center'>(E)</div></div><div class='respDivR'><div class='vertical-center'>(I)</div></div></div>","I","$31<br>for<br>yourself","$85<br>for<br>1","0","31","85","1","OTHER"
"","","","offerFB","","636570d91a49a6d6cbcbc854","bdp_sd","Mon Mar 27 2023 10:47:01 GMT (Coordinated Universal Time)","526784","html-keyboard-response","38","461915","0.0-6.0-3.10","","null","","","<div class='trialBorder'><div class='vertical-center'><img style='vertical-align:center; align:center' src=img/fixation3.jpg></div><div class='cl'><div class='vertical-center'>$31<br>for<br>yourself</div></div><div class='cr'><div class='vertical-center'><font style='color:orange'>$85<br>for<br>Cynthia A</font></div></div><div class='respDivL'><div class='vertical-center'>(E)</div></div><div class='respDivR'><div class='vertical-center'><font style='color:orange'>(I)</font></div></div></div>","null","$31<br>for<br>yourself","$85<br>for<br>1","0","31","85","1",""
"","","","FIX","","636570d91a49a6d6cbcbc854","bdp_sd","Mon Mar 27 2023 10:47:01 GMT (Coordinated Universal Time)","526784","html-keyboard-response","39","462418","0.0-6.0-1.11","","null","","","<div class='trialBorder'><div class='vertical-center'><img style='vertical-align:center; align:center' src=img/fixation3.jpg></div></div>","null","","","","","","",""
"","","","offer","","636570d91a49a6d6cbcbc854","bdp_sd","Mon Mar 27 2023 10:47:01 GMT (Coordinated Universal Time)","526784","html-keyboard-response","40","464742","0.0-6.0-2.11","","2320","","","<div class='trialBorder'><div class='vertical-center'><img style='vertical-align:center; align:center' src=img/fixation3.jpg></div><div class='cl'><div class='vertical-center'>$40<br>for<br>yourself</div></div><div class='cr'><div class='vertical-center'>$55<br>for<br>Larson K</div></div><div class='respDivL'><div class='vertical-center'>(E)</div></div><div class='respDivR'><div class='vertical-center'>(I)</div></div></div>","E","$40<br>for<br>yourself","$55<br>for<br>4","0","40","55","4","SELF"
"","","","offerFB","","636570d91a49a6d6cbcbc854","bdp_sd","Mon Mar 27 2023 10:47:01 GMT (Coordinated Universal Time)","526784","html-keyboard-response","41","464995","0.0-6.0-3.11","","null","","","<div class='trialBorder'><div class='vertical-center'><img style='vertical-align:center; align:center' src=img/fixation3.jpg></div><div class='cl'><div class='vertical-center'><font style='color:orange'>$40<br>for<br>yourself</font></div></div><div class='cr'><div class='vertical-center'>$55<br>for<br>Larson K</div></div><div class='respDivL'><div class='vertical-center'><font style='color:orange'>(E)</font></div></div><div class='respDivR'><div class='vertical-center'>(I)</div></div></div>","null","$40<br>for<br>yourself","$55<br>for<br>4","0","40","55","4",""
"","","","FIX","","636570d91a49a6d6cbcbc854","bdp_sd","Mon Mar 27 2023 10:47:01 GMT (Coordinated Universal Time)","526784","html-keyboard-response","42","465498","0.0-6.0-1.12","","null","","","<div class='trialBorder'><div class='vertical-center'><img style='vertical-align:center; align:center' src=img/fixation3.jpg></div></div>","null","","","","","","",""
"","","","offer","","636570d91a49a6d6cbcbc854","bdp_sd","Mon Mar 27 2023 10:47:01 GMT (Coordinated Universal Time)","526784","html-keyboard-response","43","467822","0.0-6.0-2.12","","2320","","","<div class='trialBorder'><div class='vertical-center'><img style='vertical-align:center; align:center' src=img/fixation3.jpg></div><div class='cl'><div class='vertical-center'>$55<br>for<br>yourself</div></div><div class='cr'><div class='vertical-center'>$75<br>for<br>Larson K</div></div><div class='respDivL'><div class='vertical-center'>(E)</div></div><div class='respDivR'><div class='vertical-center'>(I)</div></div></div>","E","$55<br>for<br>yourself","$75<br>for<br>4","0","55","75","4","SELF"
"","","","offerFB","","636570d91a49a6d6cbcbc854","bdp_sd","Mon Mar 27 2023 10:47:01 GMT (Coordinated Universal Time)","526784","html-keyboard-response","44","468075","0.0-6.0-3.12","","null","","","<div class='trialBorder'><div class='vertical-center'><img style='vertical-align:center; align:center' src=img/fixation3.jpg></div><div class='cl'><div class='vertical-center'><font style='color:orange'>$55<br>for<br>yourself</font></div></div><div class='cr'><div class='vertical-center'>$75<br>for<br>Larson K</div></div><div class='respDivL'><div class='vertical-center'><font style='color:orange'>(E)</font></div></div><div class='respDivR'><div class='vertical-center'>(I)</div></div></div>","null","$55<br>for<br>yourself","$75<br>for<br>4","0","55","75","4",""
"","","","FIX","","636570d91a49a6d6cbcbc854","bdp_sd","Mon Mar 27 2023 10:47:01 GMT (Coordinated Universal Time)","526784","html-keyboard-response","45","468578","0.0-6.0-1.13","","null","","","<div class='trialBorder'><div class='vertical-center'><img style='vertical-align:center; align:center' src=img/fixation3.jpg></div></div>","null","","","","","","",""
"","","","offer","","636570d91a49a6d6cbcbc854","bdp_sd","Mon Mar 27 2023 10:47:01 GMT (Coordinated Universal Time)","526784","html-keyboard-response","46","470168","0.0-6.0-2.13","","1586","","","<div class='trialBorder'><div class='vertical-center'><img style='vertical-align:center; align:center' src=img/fixation3.jpg></div><div class='cl'><div class='vertical-center'>$67<br>for<br>yourself</div></div><div class='cr'><div class='vertical-center'>$75<br>for<br>Ernest E</div></div><div class='respDivL'><div class='vertical-center'>(E)</div></div><div class='respDivR'><div class='vertical-center'>(I)</div></div></div>","E","$67<br>for<br>yourself","$75<br>for<br>5","0","67","75","5","SELF"
"","","","offerFB","","636570d91a49a6d6cbcbc854","bdp_sd","Mon Mar 27 2023 10:47:01 GMT (Coordinated Universal Time)","526784","html-keyboard-response","47","470421","0.0-6.0-3.13","","null","","","<div class='trialBorder'><div class='vertical-center'><img style='vertical-align:center; align:center' src=img/fixation3.jpg></div><div class='cl'><div class='vertical-center'><font style='color:orange'>$67<br>for<br>yourself</font></div></div><div class='cr'><div class='vertical-center'>$75<br>for<br>Ernest E</div></div><div class='respDivL'><div class='vertical-center'><font style='color:orange'>(E)</font></div></div><div class='respDivR'><div class='vertical-center'>(I)</div></div></div>","null","$67<br>for<br>yourself","$75<br>for<br>5","0","67","75","5",""
"","","","FIX","","636570d91a49a6d6cbcbc854","bdp_sd","Mon Mar 27 2023 10:47:01 GMT (Coordinated Universal Time)","526784","html-keyboard-response","48","470922","0.0-6.0-1.14","","null","","","<div class='trialBorder'><div class='vertical-center'><img style='vertical-align:center; align:center' src=img/fixation3.jpg></div></div>","null","","","","","","",""
"","","","offer","","636570d91a49a6d6cbcbc854","bdp_sd","Mon Mar 27 2023 10:47:01 GMT (Coordinated Universal Time)","526784","html-keyboard-response","49","475778","0.0-6.0-2.14","","4852","","","<div class='trialBorder'><div class='vertical-center'><img style='vertical-align:center; align:center' src=img/fixation3.jpg></div><div class='cl'><div class='vertical-center'>$30<br>for<br>Chris D</div></div><div class='cr'><div class='vertical-center'>$11<br>for<br>yourself</div></div><div class='respDivL'><div class='vertical-center'>(E)</div></div><div class='respDivR'><div class='vertical-center'>(I)</div></div></div>","E","$11<br>for<br>yourself","$30<br>for<br>2","1","11","30","2","OTHER"
"","","","offerFB","","636570d91a49a6d6cbcbc854","bdp_sd","Mon Mar 27 2023 10:47:01 GMT (Coordinated Universal Time)","526784","html-keyboard-response","50","476031","0.0-6.0-3.14","","null","","","<div class='trialBorder'><div class='vertical-center'><img style='vertical-align:center; align:center' src=img/fixation3.jpg></div><div class='cl'><div class='vertical-center'><font style='color:orange'>$30<br>for<br>Chris D</font></div></div><div class='cr'><div class='vertical-center'>$11<br>for<br>yourself</div></div><div class='respDivL'><div class='vertical-center'><font style='color:orange'>(E)</font></div></div><div class='respDivR'><div class='vertical-center'>(I)</div></div></div>","null","$11<br>for<br>yourself","$30<br>for<br>2","1","11","30","2",""
"","","","FIX","","636570d91a49a6d6cbcbc854","bdp_sd","Mon Mar 27 2023 10:47:01 GMT (Coordinated Universal Time)","526784","html-keyboard-response","51","476535","0.0-6.0-1.15","","null","","","<div class='trialBorder'><div class='vertical-center'><img style='vertical-align:center; align:center' src=img/fixation3.jpg></div></div>","null","","","","","","",""
"","","","offer","","636570d91a49a6d6cbcbc854","bdp_sd","Mon Mar 27 2023 10:47:01 GMT (Coordinated Universal Time)","526784","html-keyboard-response","52","479148","0.0-6.0-2.15","","2610","","","<div class='trialBorder'><div class='vertical-center'><img style='vertical-align:center; align:center' src=img/fixation3.jpg></div><div class='cl'><div class='vertical-center'>$50<br>for<br>Ernest E</div></div><div class='cr'><div class='vertical-center'>$47<br>for<br>yourself</div></div><div class='respDivL'><div class='vertical-center'>(E)</div></div><div class='respDivR'><div class='vertical-center'>(I)</div></div></div>","I","$47<br>for<br>yourself","$50<br>for<br>5","1","47","50","5","SELF"
"","","","offerFB","","636570d91a49a6d6cbcbc854","bdp_sd","Mon Mar 27 2023 10:47:01 GMT (Coordinated Universal Time)","526784","html-keyboard-response","53","479402","0.0-6.0-3.15","","null","","","<div class='trialBorder'><div class='vertical-center'><img style='vertical-align:center; align:center' src=img/fixation3.jpg></div><div class='cl'><div class='vertical-center'>$50<br>for<br>Ernest E</div></div><div class='cr'><div class='vertical-center'><font style='color:orange'>$47<br>for<br>yourself</font></div></div><div class='respDivL'><div class='vertical-center'>(E)</div></div><div class='respDivR'><div class='vertical-center'><font style='color:orange'>(I)</font></div></div></div>","null","$47<br>for<br>yourself","$50<br>for<br>5","1","47","50","5",""
"","","","FIX","","636570d91a49a6d6cbcbc854","bdp_sd","Mon Mar 27 2023 10:47:01 GMT (Coordinated Universal Time)","526784","html-keyboard-response","54","479906","0.0-6.0-1.16","","null","","","<div class='trialBorder'><div class='vertical-center'><img style='vertical-align:center; align:center' src=img/fixation3.jpg></div></div>","null","","","","","","",""
"","","","offer","","636570d91a49a6d6cbcbc854","bdp_sd","Mon Mar 27 2023 10:47:01 GMT (Coordinated Universal Time)","526784","html-keyboard-response","55","488680","0.0-6.0-2.16","","8770","","","<div class='trialBorder'><div class='vertical-center'><img style='vertical-align:center; align:center' src=img/fixation3.jpg></div><div class='cl'><div class='vertical-center'>$54<br>for<br>yourself</div></div><div class='cr'><div class='vertical-center'>$80<br>for<br>Steven S</div></div><div class='respDivL'><div class='vertical-center'>(E)</div></div><div class='respDivR'><div class='vertical-center'>(I)</div></div></div>","E","$54<br>for<br>yourself","$80<br>for<br>3","0","54","80","3","SELF"
"","","","offerFB","","636570d91a49a6d6cbcbc854","bdp_sd","Mon Mar 27 2023 10:47:01 GMT (Coordinated Universal Time)","526784","html-keyboard-response","56","488932","0.0-6.0-3.16","","null","","","<div class='trialBorder'><div class='vertical-center'><img style='vertical-align:center; align:center' src=img/fixation3.jpg></div><div class='cl'><div class='vertical-center'><font style='color:orange'>$54<br>for<br>yourself</font></div></div><div class='cr'><div class='vertical-center'>$80<br>for<br>Steven S</div></div><div class='respDivL'><div class='vertical-center'><font style='color:orange'>(E)</font></div></div><div class='respDivR'><div class='vertical-center'>(I)</div></div></div>","null","$54<br>for<br>yourself","$80<br>for<br>3","0","54","80","3",""
"","","","FIX","","636570d91a49a6d6cbcbc854","bdp_sd","Mon Mar 27 2023 10:47:01 GMT (Coordinated Universal Time)","526784","html-keyboard-response","57","489436","0.0-6.0-1.17","","null","","","<div class='trialBorder'><div class='vertical-center'><img style='vertical-align:center; align:center' src=img/fixation3.jpg></div></div>","null","","","","","","",""
"","","","offer","","636570d91a49a6d6cbcbc854","bdp_sd","Mon Mar 27 2023 10:47:01 GMT (Coordinated Universal Time)","526784","html-keyboard-response","58","492467","0.0-6.0-2.17","","3028","","","<div class='trialBorder'><div class='vertical-center'><img style='vertical-align:center; align:center' src=img/fixation3.jpg></div><div class='cl'><div class='vertical-center'>$41<br>for<br>yourself</div></div><div class='cr'><div class='vertical-center'>$75<br>for<br>Steven S</div></div><div class='respDivL'><div class='vertical-center'>(E)</div></div><div class='respDivR'><div class='vertical-center'>(I)</div></div></div>","E","$41<br>for<br>yourself","$75<br>for<br>3","0","41","75","3","SELF"
"","","","offerFB","","636570d91a49a6d6cbcbc854","bdp_sd","Mon Mar 27 2023 10:47:01 GMT (Coordinated Universal Time)","526784","html-keyboard-response","59","492721","0.0-6.0-3.17","","null","","","<div class='trialBorder'><div class='vertical-center'><img style='vertical-align:center; align:center' src=img/fixation3.jpg></div><div class='cl'><div class='vertical-center'><font style='color:orange'>$41<br>for<br>yourself</font></div></div><div class='cr'><div class='vertical-center'>$75<br>for<br>Steven S</div></div><div class='respDivL'><div class='vertical-center'><font style='color:orange'>(E)</font></div></div><div class='respDivR'><div class='vertical-center'>(I)</div></div></div>","null","$41<br>for<br>yourself","$75<br>for<br>3","0","41","75","3",""
"","","","FIX","","636570d91a49a6d6cbcbc854","bdp_sd","Mon Mar 27 2023 10:47:01 GMT (Coordinated Universal Time)","526784","html-keyboard-response","60","493225","0.0-6.0-1.18","","null","","","<div class='trialBorder'><div class='vertical-center'><img style='vertical-align:center; align:center' src=img/fixation3.jpg></div></div>","null","","","","","","",""
"","","","offer","","636570d91a49a6d6cbcbc854","bdp_sd","Mon Mar 27 2023 10:47:01 GMT (Coordinated Universal Time)","526784","html-keyboard-response","61","494999","0.0-6.0-2.18","","1772","","","<div class='trialBorder'><div class='vertical-center'><img style='vertical-align:center; align:center' src=img/fixation3.jpg></div><div class='cl'><div class='vertical-center'>$85<br>for<br>Larson K</div></div><div class='cr'><div class='vertical-center'>$69<br>for<br>yourself</div></div><div class='respDivL'><div class='vertical-center'>(E)</div></div><div class='respDivR'><div class='vertical-center'>(I)</div></div></div>","I","$69<br>for<br>yourself","$85<br>for<br>4","1","69","85","4","SELF"
"","","","offerFB","","636570d91a49a6d6cbcbc854","bdp_sd","Mon Mar 27 2023 10:47:01 GMT (Coordinated Universal Time)","526784","html-keyboard-response","62","495251","0.0-6.0-3.18","","null","","","<div class='trialBorder'><div class='vertical-center'><img style='vertical-align:center; align:center' src=img/fixation3.jpg></div><div class='cl'><div class='vertical-center'>$85<br>for<br>Larson K</div></div><div class='cr'><div class='vertical-center'><font style='color:orange'>$69<br>for<br>yourself</font></div></div><div class='respDivL'><div class='vertical-center'>(E)</div></div><div class='respDivR'><div class='vertical-center'><font style='color:orange'>(I)</font></div></div></div>","null","$69<br>for<br>yourself","$85<br>for<br>4","1","69","85","4",""
"","","","FIX","","636570d91a49a6d6cbcbc854","bdp_sd","Mon Mar 27 2023 10:47:01 GMT (Coordinated Universal Time)","526784","html-keyboard-response","63","495755","0.0-6.0-1.19","","null","","","<div class='trialBorder'><div class='vertical-center'><img style='vertical-align:center; align:center' src=img/fixation3.jpg></div></div>","null","","","","","","",""
"","","","offer","","636570d91a49a6d6cbcbc854","bdp_sd","Mon Mar 27 2023 10:47:01 GMT (Coordinated Universal Time)","526784","html-keyboard-response","64","498124","0.0-6.0-2.19","","2365","","","<div class='trialBorder'><div class='vertical-center'><img style='vertical-align:center; align:center' src=img/fixation3.jpg></div><div class='cl'><div class='vertical-center'>$80<br>for<br>Chris D</div></div><div class='cr'><div class='vertical-center'>$33<br>for<br>yourself</div></div><div class='respDivL'><div class='vertical-center'>(E)</div></div><div class='respDivR'><div class='vertical-center'>(I)</div></div></div>","E","$33<br>for<br>yourself","$80<br>for<br>2","1","33","80","2","OTHER"
"","","","offerFB","","636570d91a49a6d6cbcbc854","bdp_sd","Mon Mar 27 2023 10:47:01 GMT (Coordinated Universal Time)","526784","html-keyboard-response","65","498377","0.0-6.0-3.19","","null","","","<div class='trialBorder'><div class='vertical-center'><img style='vertical-align:center; align:center' src=img/fixation3.jpg></div><div class='cl'><div class='vertical-center'><font style='color:orange'>$80<br>for<br>Chris D</font></div></div><div class='cr'><div class='vertical-center'>$33<br>for<br>yourself</div></div><div class='respDivL'><div class='vertical-center'><font style='color:orange'>(E)</font></div></div><div class='respDivR'><div class='vertical-center'>(I)</div></div></div>","null","$33<br>for<br>yourself","$80<br>for<br>2","1","33","80","2",""
"","","","FIX","","636570d91a49a6d6cbcbc854","bdp_sd","Mon Mar 27 2023 10:47:01 GMT (Coordinated Universal Time)","526784","html-keyboard-response","66","498880","0.0-6.0-1.20","","null","","","<div class='trialBorder'><div class='vertical-center'><img style='vertical-align:center; align:center' src=img/fixation3.jpg></div></div>","null","","","","","","",""
"","","","offer","","636570d91a49a6d6cbcbc854","bdp_sd","Mon Mar 27 2023 10:47:01 GMT (Coordinated Universal Time)","526784","html-keyboard-response","67","501665","0.0-6.0-2.20","","2781","","","<div class='trialBorder'><div class='vertical-center'><img style='vertical-align:center; align:center' src=img/fixation3.jpg></div><div class='cl'><div class='vertical-center'>$54<br>for<br>yourself</div></div><div class='cr'><div class='vertical-center'>$60<br>for<br>Ernest E</div></div><div class='respDivL'><div class='vertical-center'>(E)</div></div><div class='respDivR'><div class='vertical-center'>(I)</div></div></div>","E","$54<br>for<br>yourself","$60<br>for<br>5","0","54","60","5","SELF"
"","","","offerFB","","636570d91a49a6d6cbcbc854","bdp_sd","Mon Mar 27 2023 10:47:01 GMT (Coordinated Universal Time)","526784","html-keyboard-response","68","501921","0.0-6.0-3.20","","null","","","<div class='trialBorder'><div class='vertical-center'><img style='vertical-align:center; align:center' src=img/fixation3.jpg></div><div class='cl'><div class='vertical-center'><font style='color:orange'>$54<br>for<br>yourself</font></div></div><div class='cr'><div class='vertical-center'>$60<br>for<br>Ernest E</div></div><div class='respDivL'><div class='vertical-center'><font style='color:orange'>(E)</font></div></div><div class='respDivR'><div class='vertical-center'>(I)</div></div></div>","null","$54<br>for<br>yourself","$60<br>for<br>5","0","54","60","5",""
"","","","FIX","","636570d91a49a6d6cbcbc854","bdp_sd","Mon Mar 27 2023 10:47:01 GMT (Coordinated Universal Time)","526784","html-keyboard-response","69","502424","0.0-6.0-1.21","","null","","","<div class='trialBorder'><div class='vertical-center'><img style='vertical-align:center; align:center' src=img/fixation3.jpg></div></div>","null","","","","","","",""
"","","","offer","","636570d91a49a6d6cbcbc854","bdp_sd","Mon Mar 27 2023 10:47:01 GMT (Coordinated Universal Time)","526784","html-keyboard-response","70","506161","0.0-6.0-2.21","","3733","","","<div class='trialBorder'><div class='vertical-center'><img style='vertical-align:center; align:center' src=img/fixation3.jpg></div><div class='cl'><div class='vertical-center'>$50<br>for<br>Larson K</div></div><div class='cr'><div class='vertical-center'>$34<br>for<br>yourself</div></div><div class='respDivL'><div class='vertical-center'>(E)</div></div><div class='respDivR'><div class='vertical-center'>(I)</div></div></div>","E","$34<br>for<br>yourself","$50<br>for<br>4","1","34","50","4","OTHER"
"","","","offerFB","","636570d91a49a6d6cbcbc854","bdp_sd","Mon Mar 27 2023 10:47:01 GMT (Coordinated Universal Time)","526784","html-keyboard-response","71","506414","0.0-6.0-3.21","","null","","","<div class='trialBorder'><div class='vertical-center'><img style='vertical-align:center; align:center' src=img/fixation3.jpg></div><div class='cl'><div class='vertical-center'><font style='color:orange'>$50<br>for<br>Larson K</font></div></div><div class='cr'><div class='vertical-center'>$34<br>for<br>yourself</div></div><div class='respDivL'><div class='vertical-center'><font style='color:orange'>(E)</font></div></div><div class='respDivR'><div class='vertical-center'>(I)</div></div></div>","null","$34<br>for<br>yourself","$50<br>for<br>4","1","34","50","4",""
"","","","FIX","","636570d91a49a6d6cbcbc854","bdp_sd","Mon Mar 27 2023 10:47:01 GMT (Coordinated Universal Time)","526784","html-keyboard-response","72","506918","0.0-6.0-1.22","","null","","","<div class='trialBorder'><div class='vertical-center'><img style='vertical-align:center; align:center' src=img/fixation3.jpg></div></div>","null","","","","","","",""
"","","","offer","","636570d91a49a6d6cbcbc854","bdp_sd","Mon Mar 27 2023 10:47:01 GMT (Coordinated Universal Time)","526784","html-keyboard-response","73","509938","0.0-6.0-2.22","","3017","","","<div class='trialBorder'><div class='vertical-center'><img style='vertical-align:center; align:center' src=img/fixation3.jpg></div><div class='cl'><div class='vertical-center'>$60<br>for<br>Steven S</div></div><div class='cr'><div class='vertical-center'>$25<br>for<br>yourself</div></div><div class='respDivL'><div class='vertical-center'>(E)</div></div><div class='respDivR'><div class='vertical-center'>(I)</div></div></div>","E","$25<br>for<br>yourself","$60<br>for<br>3","1","25","60","3","OTHER"
"","","","offerFB","","636570d91a49a6d6cbcbc854","bdp_sd","Mon Mar 27 2023 10:47:01 GMT (Coordinated Universal Time)","526784","html-keyboard-response","74","510193","0.0-6.0-3.22","","null","","","<div class='trialBorder'><div class='vertical-center'><img style='vertical-align:center; align:center' src=img/fixation3.jpg></div><div class='cl'><div class='vertical-center'><font style='color:orange'>$60<br>for<br>Steven S</font></div></div><div class='cr'><div class='vertical-center'>$25<br>for<br>yourself</div></div><div class='respDivL'><div class='vertical-center'><font style='color:orange'>(E)</font></div></div><div class='respDivR'><div class='vertical-center'>(I)</div></div></div>","null","$25<br>for<br>yourself","$60<br>for<br>3","1","25","60","3",""
"","","","FIX","","636570d91a49a6d6cbcbc854","bdp_sd","Mon Mar 27 2023 10:47:01 GMT (Coordinated Universal Time)","526784","html-keyboard-response","75","510697","0.0-6.0-1.23","","null","","","<div class='trialBorder'><div class='vertical-center'><img style='vertical-align:center; align:center' src=img/fixation3.jpg></div></div>","null","","","","","","",""
"","","","offer","","636570d91a49a6d6cbcbc854","bdp_sd","Mon Mar 27 2023 10:47:01 GMT (Coordinated Universal Time)","526784","html-keyboard-response","76","515834","0.0-6.0-2.23","","5135","","","<div class='trialBorder'><div class='vertical-center'><img style='vertical-align:center; align:center' src=img/fixation3.jpg></div><div class='cl'><div class='vertical-center'>$25<br>for<br>yourself</div></div><div class='cr'><div class='vertical-center'>$30<br>for<br>Larson K</div></div><div class='respDivL'><div class='vertical-center'>(E)</div></div><div class='respDivR'><div class='vertical-center'>(I)</div></div></div>","E","$25<br>for<br>yourself","$30<br>for<br>4","0","25","30","4","SELF"
"","","","offerFB","","636570d91a49a6d6cbcbc854","bdp_sd","Mon Mar 27 2023 10:47:01 GMT (Coordinated Universal Time)","526784","html-keyboard-response","77","516088","0.0-6.0-3.23","","null","","","<div class='trialBorder'><div class='vertical-center'><img style='vertical-align:center; align:center' src=img/fixation3.jpg></div><div class='cl'><div class='vertical-center'><font style='color:orange'>$25<br>for<br>yourself</font></div></div><div class='cr'><div class='vertical-center'>$30<br>for<br>Larson K</div></div><div class='respDivL'><div class='vertical-center'><font style='color:orange'>(E)</font></div></div><div class='respDivR'><div class='vertical-center'>(I)</div></div></div>","null","$25<br>for<br>yourself","$30<br>for<br>4","0","25","30","4",""
"","","","FIX","","636570d91a49a6d6cbcbc854","bdp_sd","Mon Mar 27 2023 10:47:01 GMT (Coordinated Universal Time)","526784","html-keyboard-response","78","516592","0.0-6.0-1.24","","null","","","<div class='trialBorder'><div class='vertical-center'><img style='vertical-align:center; align:center' src=img/fixation3.jpg></div></div>","null","","","","","","",""
"","","","offer","","636570d91a49a6d6cbcbc854","bdp_sd","Mon Mar 27 2023 10:47:01 GMT (Coordinated Universal Time)","526784","html-keyboard-response","79","520626","0.0-6.0-2.24","","4031","","","<div class='trialBorder'><div class='vertical-center'><img style='vertical-align:center; align:center' src=img/fixation3.jpg></div><div class='cl'><div class='vertical-center'>$34<br>for<br>yourself</div></div><div class='cr'><div class='vertical-center'>$35<br>for<br>Ernest E</div></div><div class='respDivL'><div class='vertical-center'>(E)</div></div><div class='respDivR'><div class='vertical-center'>(I)</div></div></div>","I","$34<br>for<br>yourself","$35<br>for<br>5","0","34","35","5","OTHER"
"","","","offerFB","","636570d91a49a6d6cbcbc854","bdp_sd","Mon Mar 27 2023 10:47:01 GMT (Coordinated Universal Time)","526784","html-keyboard-response","80","520880","0.0-6.0-3.24","","null","","","<div class='trialBorder'><div class='vertical-center'><img style='vertical-align:center; align:center' src=img/fixation3.jpg></div><div class='cl'><div class='vertical-center'>$34<br>for<br>yourself</div></div><div class='cr'><div class='vertical-center'><font style='color:orange'>$35<br>for<br>Ernest E</font></div></div><div class='respDivL'><div class='vertical-center'>(E)</div></div><div class='respDivR'><div class='vertical-center'><font style='color:orange'>(I)</font></div></div></div>","null","$34<br>for<br>yourself","$35<br>for<br>5","0","34","35","5",""
"","","","FIX","","636570d91a49a6d6cbcbc854","bdp_sd","Mon Mar 27 2023 10:47:01 GMT (Coordinated Universal Time)","526784","html-keyboard-response","81","521383","0.0-6.0-1.25","","null","","","<div class='trialBorder'><div class='vertical-center'><img style='vertical-align:center; align:center' src=img/fixation3.jpg></div></div>","null","","","","","","",""
"","","","offer","","636570d91a49a6d6cbcbc854","bdp_sd","Mon Mar 27 2023 10:47:01 GMT (Coordinated Universal Time)","526784","html-keyboard-response","82","522682","0.0-6.0-2.25","","1296","","","<div class='trialBorder'><div class='vertical-center'><img style='vertical-align:center; align:center' src=img/fixation3.jpg></div><div class='cl'><div class='vertical-center'>$55<br>for<br>Cynthia A</div></div><div class='cr'><div class='vertical-center'>$20<br>for<br>yourself</div></div><div class='respDivL'><div class='vertical-center'>(E)</div></div><div class='respDivR'><div class='vertical-center'>(I)</div></div></div>","E","$20<br>for<br>yourself","$55<br>for<br>1","1","20","55","1","OTHER"
"","","","offerFB","","636570d91a49a6d6cbcbc854","bdp_sd","Mon Mar 27 2023 10:47:01 GMT (Coordinated Universal Time)","526784","html-keyboard-response","83","522936","0.0-6.0-3.25","","null","","","<div class='trialBorder'><div class='vertical-center'><img style='vertical-align:center; align:center' src=img/fixation3.jpg></div><div class='cl'><div class='vertical-center'><font style='color:orange'>$55<br>for<br>Cynthia A</font></div></div><div class='cr'><div class='vertical-center'>$20<br>for<br>yourself</div></div><div class='respDivL'><div class='vertical-center'><font style='color:orange'>(E)</font></div></div><div class='respDivR'><div class='vertical-center'>(I)</div></div></div>","null","$20<br>for<br>yourself","$55<br>for<br>1","1","20","55","1",""
"","","","FIX","","636570d91a49a6d6cbcbc854","bdp_sd","Mon Mar 27 2023 10:47:01 GMT (Coordinated Universal Time)","526784","html-keyboard-response","84","523440","0.0-6.0-1.26","","null","","","<div class='trialBorder'><div class='vertical-center'><img style='vertical-align:center; align:center' src=img/fixation3.jpg></div></div>","null","","","","","","",""
"","","","offer","","636570d91a49a6d6cbcbc854","bdp_sd","Mon Mar 27 2023 10:47:01 GMT (Coordinated Universal Time)","526784","html-keyboard-response","85","525527","0.0-6.0-2.26","","2083","","","<div class='trialBorder'><div class='vertical-center'><img style='vertical-align:center; align:center' src=img/fixation3.jpg></div><div class='cl'><div class='vertical-center'>$80<br>for<br>Ernest E</div></div><div class='cr'><div class='vertical-center'>$78<br>for<br>yourself</div></div><div class='respDivL'><div class='vertical-center'>(E)</div></div><div class='respDivR'><div class='vertical-center'>(I)</div></div></div>","I","$78<br>for<br>yourself","$80<br>for<br>5","1","78","80","5","SELF"
"","","","offerFB","","636570d91a49a6d6cbcbc854","bdp_sd","Mon Mar 27 2023 10:47:01 GMT (Coordinated Universal Time)","526784","html-keyboard-response","86","525780","0.0-6.0-3.26","","null","","","<div class='trialBorder'><div class='vertical-center'><img style='vertical-align:center; align:center' src=img/fixation3.jpg></div><div class='cl'><div class='vertical-center'>$80<br>for<br>Ernest E</div></div><div class='cr'><div class='vertical-center'><font style='color:orange'>$78<br>for<br>yourself</font></div></div><div class='respDivL'><div class='vertical-center'>(E)</div></div><div class='respDivR'><div class='vertical-center'><font style='color:orange'>(I)</font></div></div></div>","null","$78<br>for<br>yourself","$80<br>for<br>5","1","78","80","5",""
"fullscreenexit","87","525827","fullscreenexit","","636570d91a49a6d6cbcbc854","bdp_sd","Mon Mar 27 2023 10:47:01 GMT (Coordinated Universal Time)","526784","","","","","","","","","","","","","","","","",""
"","","","","","636570d91a49a6d6cbcbc854","bdp_sd","Mon Mar 27 2023 10:47:01 GMT (Coordinated Universal Time)","526784","fullscreen","87","526783","0.0-7.0","","","","true","","","","","","","","",""
"","","","","","","","","","html-keyboard-response","88","527286","0.0-8.0","","null","","","","null","","","","","","",""
