"event","trial","time","trialtype","subject_id","task","startTime","totalTime","trial_type","trial_index","time_elapsed","internal_node_id","view_history","rt","responses","numBlurs","success","stimulus","key_press","selfOffer","otherOffer","otherLeft","selfAmt","otherAmt","otherDist","chosen"
"focus","0","0","focusevent","6005fd9c8bbd67931607e518","bdp_sd","Sun Mar 26 2023 09:29:03 GMT-0700 (Pacific Daylight Time)","94845","","","","","","","","","","","","","","","","","",""
"","","","","6005fd9c8bbd67931607e518","bdp_sd","Sun Mar 26 2023 09:29:03 GMT-0700 (Pacific Daylight Time)","94845","pavlovia","0","3","0.0-0.0","","","","","","","","","","","","","",""
"","","","","6005fd9c8bbd67931607e518","bdp_sd","Sun Mar 26 2023 09:29:03 GMT-0700 (Pacific Daylight Time)","94845","instructions","1","945","0.0-1.0","[{""page_index"":0,""viewing_time"":942}]","942","","","","","","","","","","","",""
"","","","","6005fd9c8bbd67931607e518","bdp_sd","Sun Mar 26 2023 09:29:03 GMT-0700 (Pacific Daylight Time)","94845","survey-text","2","31856","0.0-2.0","","30907","{""Q0"":""ML"",""Q1"":""MD"",""Q2"":""BR"",""Q3"":""MN"",""Q4"":""OL""}","","","","","","","","","","",""
"blur","3","33183","blurevent","6005fd9c8bbd67931607e518","bdp_sd","Sun Mar 26 2023 09:29:03 GMT-0700 (Pacific Daylight Time)","94845","","","","","","","","1","","","","","","","","","",""
"focus","3","33195","focusevent","6005fd9c8bbd67931607e518","bdp_sd","Sun Mar 26 2023 09:29:03 GMT-0700 (Pacific Daylight Time)","94845","","","","","","","","","","","","","","","","","",""
"fullscreenexit","3","33236","fullscreenexit","6005fd9c8bbd67931607e518","bdp_sd","Sun Mar 26 2023 09:29:03 GMT-0700 (Pacific Daylight Time)","94845","","","","","","","","","","","","","","","","","",""
"","","","","6005fd9c8bbd67931607e518","bdp_sd","Sun Mar 26 2023 09:29:03 GMT-0700 (Pacific Daylight Time)","94845","fullscreen","3","33959","0.0-3.0","","","","","true","","","","","","","","",""
"","","","fullscreenfail","6005fd9c8bbd67931607e518","bdp_sd","Sun Mar 26 2023 09:29:03 GMT-0700 (Pacific Daylight Time)","94845","image-keyboard-response","4","34629","0.0-4.0-0.0","","664","","","","","32","","","","","","",""
"","","","","6005fd9c8bbd67931607e518","bdp_sd","Sun Mar 26 2023 09:29:03 GMT-0700 (Pacific Daylight Time)","94845","instructions","5","40704","0.0-5.0","[{""page_index"":0,""viewing_time"":3388},{""page_index"":1,""viewing_time"":1349},{""page_index"":2,""viewing_time"":1081}]","5818","","","","","","","","","","","",""
"","","","blurwarn","6005fd9c8bbd67931607e518","bdp_sd","Sun Mar 26 2023 09:29:03 GMT-0700 (Pacific Daylight Time)","94845","image-keyboard-response","6","42279","0.0-6.0-0.0-0.0","","1571","","1","","","49","","","","","","",""
"","","","FIX","6005fd9c8bbd67931607e518","bdp_sd","Sun Mar 26 2023 09:29:03 GMT-0700 (Pacific Daylight Time)","94845","html-keyboard-response","7","43041","0.0-6.0-1.0","","null","","","","<div class='trialBorder'><div class='vertical-center'><img style='vertical-align:center; align:center' src=img/fixation3.jpg></div></div>","null","","","","","","",""
"","","","offer","6005fd9c8bbd67931607e518","bdp_sd","Sun Mar 26 2023 09:29:03 GMT-0700 (Pacific Daylight Time)","94845","html-keyboard-response","8","45588","0.0-6.0-2.0","","2541","","","","<div class='trialBorder'><div class='vertical-center'><img style='vertical-align:center; align:center' src=img/fixation3.jpg></div><div class='cl'><div class='vertical-center'>$55<br>for<br>MN</div></div><div class='cr'><div class='vertical-center'>$40<br>for<br>yourself</div></div><div class='respDivL'><div class='vertical-center'>(E)</div></div><div class='respDivR'><div class='vertical-center'>(I)</div></div></div>","E","$40<br>for<br>yourself","$55<br>for<br>4","1","40","55","4","OTHER"
"","","","offerFB","6005fd9c8bbd67931607e518","bdp_sd","Sun Mar 26 2023 09:29:03 GMT-0700 (Pacific Daylight Time)","94845","html-keyboard-response","9","45846","0.0-6.0-3.0","","null","","","","<div class='trialBorder'><div class='vertical-center'><img style='vertical-align:center; align:center' src=img/fixation3.jpg></div><div class='cl'><div class='vertical-center'><font style='color:orange'>$55<br>for<br>MN</font></div></div><div class='cr'><div class='vertical-center'>$40<br>for<br>yourself</div></div><div class='respDivL'><div class='vertical-center'><font style='color:orange'>(E)</font></div></div><div class='respDivR'><div class='vertical-center'>(I)</div></div></div>","null","$40<br>for<br>yourself","$55<br>for<br>4","1","40","55","4",""
"","","","FIX","6005fd9c8bbd67931607e518","bdp_sd","Sun Mar 26 2023 09:29:03 GMT-0700 (Pacific Daylight Time)","94845","html-keyboard-response","10","46354","0.0-6.0-1.1","","null","","","","<div class='trialBorder'><div class='vertical-center'><img style='vertical-align:center; align:center' src=img/fixation3.jpg></div></div>","null","","","","","","",""
"","","","offer","6005fd9c8bbd67931607e518","bdp_sd","Sun Mar 26 2023 09:29:03 GMT-0700 (Pacific Daylight Time)","94845","html-keyboard-response","11","48083","0.0-6.0-2.1","","1726","","","","<div class='trialBorder'><div class='vertical-center'><img style='vertical-align:center; align:center' src=img/fixation3.jpg></div><div class='cl'><div class='vertical-center'>$28<br>for<br>yourself</div></div><div class='cr'><div class='vertical-center'>$30<br>for<br>OL</div></div><div class='respDivL'><div class='vertical-center'>(E)</div></div><div class='respDivR'><div class='vertical-center'>(I)</div></div></div>","E","$28<br>for<br>yourself","$30<br>for<br>5","0","28","30","5","SELF"
"","","","offerFB","6005fd9c8bbd67931607e518","bdp_sd","Sun Mar 26 2023 09:29:03 GMT-0700 (Pacific Daylight Time)","94845","html-keyboard-response","12","48339","0.0-6.0-3.1","","null","","","","<div class='trialBorder'><div class='vertical-center'><img style='vertical-align:center; align:center' src=img/fixation3.jpg></div><div class='cl'><div class='vertical-center'><font style='color:orange'>$28<br>for<br>yourself</font></div></div><div class='cr'><div class='vertical-center'>$30<br>for<br>OL</div></div><div class='respDivL'><div class='vertical-center'><font style='color:orange'>(E)</font></div></div><div class='respDivR'><div class='vertical-center'>(I)</div></div></div>","null","$28<br>for<br>yourself","$30<br>for<br>5","0","28","30","5",""
"","","","FIX","6005fd9c8bbd67931607e518","bdp_sd","Sun Mar 26 2023 09:29:03 GMT-0700 (Pacific Daylight Time)","94845","html-keyboard-response","13","48847","0.0-6.0-1.2","","null","","","","<div class='trialBorder'><div class='vertical-center'><img style='vertical-align:center; align:center' src=img/fixation3.jpg></div></div>","null","","","","","","",""
"","","","offer","6005fd9c8bbd67931607e518","bdp_sd","Sun Mar 26 2023 09:29:03 GMT-0700 (Pacific Daylight Time)","94845","html-keyboard-response","14","49952","0.0-6.0-2.2","","1103","","","","<div class='trialBorder'><div class='vertical-center'><img style='vertical-align:center; align:center' src=img/fixation3.jpg></div><div class='cl'><div class='vertical-center'>$60<br>for<br>BR</div></div><div class='cr'><div class='vertical-center'>$25<br>for<br>yourself</div></div><div class='respDivL'><div class='vertical-center'>(E)</div></div><div class='respDivR'><div class='vertical-center'>(I)</div></div></div>","E","$25<br>for<br>yourself","$60<br>for<br>3","1","25","60","3","OTHER"
"","","","offerFB","6005fd9c8bbd67931607e518","bdp_sd","Sun Mar 26 2023 09:29:03 GMT-0700 (Pacific Daylight Time)","94845","html-keyboard-response","15","50210","0.0-6.0-3.2","","null","","","","<div class='trialBorder'><div class='vertical-center'><img style='vertical-align:center; align:center' src=img/fixation3.jpg></div><div class='cl'><div class='vertical-center'><font style='color:orange'>$60<br>for<br>BR</font></div></div><div class='cr'><div class='vertical-center'>$25<br>for<br>yourself</div></div><div class='respDivL'><div class='vertical-center'><font style='color:orange'>(E)</font></div></div><div class='respDivR'><div class='vertical-center'>(I)</div></div></div>","null","$25<br>for<br>yourself","$60<br>for<br>3","1","25","60","3",""
"","","","FIX","6005fd9c8bbd67931607e518","bdp_sd","Sun Mar 26 2023 09:29:03 GMT-0700 (Pacific Daylight Time)","94845","html-keyboard-response","16","50718","0.0-6.0-1.3","","null","","","","<div class='trialBorder'><div class='vertical-center'><img style='vertical-align:center; align:center' src=img/fixation3.jpg></div></div>","null","","","","","","",""
"","","","offer","6005fd9c8bbd67931607e518","bdp_sd","Sun Mar 26 2023 09:29:03 GMT-0700 (Pacific Daylight Time)","94845","html-keyboard-response","17","52787","0.0-6.0-2.3","","2066","","","","<div class='trialBorder'><div class='vertical-center'><img style='vertical-align:center; align:center' src=img/fixation3.jpg></div><div class='cl'><div class='vertical-center'>$60<br>for<br>OL</div></div><div class='cr'><div class='vertical-center'>$54<br>for<br>yourself</div></div><div class='respDivL'><div class='vertical-center'>(E)</div></div><div class='respDivR'><div class='vertical-center'>(I)</div></div></div>","I","$54<br>for<br>yourself","$60<br>for<br>5","1","54","60","5","SELF"
"","","","offerFB","6005fd9c8bbd67931607e518","bdp_sd","Sun Mar 26 2023 09:29:03 GMT-0700 (Pacific Daylight Time)","94845","html-keyboard-response","18","53044","0.0-6.0-3.3","","null","","","","<div class='trialBorder'><div class='vertical-center'><img style='vertical-align:center; align:center' src=img/fixation3.jpg></div><div class='cl'><div class='vertical-center'>$60<br>for<br>OL</div></div><div class='cr'><div class='vertical-center'><font style='color:orange'>$54<br>for<br>yourself</font></div></div><div class='respDivL'><div class='vertical-center'>(E)</div></div><div class='respDivR'><div class='vertical-center'><font style='color:orange'>(I)</font></div></div></div>","null","$54<br>for<br>yourself","$60<br>for<br>5","1","54","60","5",""
"","","","FIX","6005fd9c8bbd67931607e518","bdp_sd","Sun Mar 26 2023 09:29:03 GMT-0700 (Pacific Daylight Time)","94845","html-keyboard-response","19","53550","0.0-6.0-1.4","","null","","","","<div class='trialBorder'><div class='vertical-center'><img style='vertical-align:center; align:center' src=img/fixation3.jpg></div></div>","null","","","","","","",""
"","","","offer","6005fd9c8bbd67931607e518","bdp_sd","Sun Mar 26 2023 09:29:03 GMT-0700 (Pacific Daylight Time)","94845","html-keyboard-response","20","54653","0.0-6.0-2.4","","1100","","","","<div class='trialBorder'><div class='vertical-center'><img style='vertical-align:center; align:center' src=img/fixation3.jpg></div><div class='cl'><div class='vertical-center'>$85<br>for<br>MN</div></div><div class='cr'><div class='vertical-center'>$69<br>for<br>yourself</div></div><div class='respDivL'><div class='vertical-center'>(E)</div></div><div class='respDivR'><div class='vertical-center'>(I)</div></div></div>","I","$69<br>for<br>yourself","$85<br>for<br>4","1","69","85","4","SELF"
"","","","offerFB","6005fd9c8bbd67931607e518","bdp_sd","Sun Mar 26 2023 09:29:03 GMT-0700 (Pacific Daylight Time)","94845","html-keyboard-response","21","54905","0.0-6.0-3.4","","null","","","","<div class='trialBorder'><div class='vertical-center'><img style='vertical-align:center; align:center' src=img/fixation3.jpg></div><div class='cl'><div class='vertical-center'>$85<br>for<br>MN</div></div><div class='cr'><div class='vertical-center'><font style='color:orange'>$69<br>for<br>yourself</font></div></div><div class='respDivL'><div class='vertical-center'>(E)</div></div><div class='respDivR'><div class='vertical-center'><font style='color:orange'>(I)</font></div></div></div>","null","$69<br>for<br>yourself","$85<br>for<br>4","1","69","85","4",""
"","","","FIX","6005fd9c8bbd67931607e518","bdp_sd","Sun Mar 26 2023 09:29:03 GMT-0700 (Pacific Daylight Time)","94845","html-keyboard-response","22","55412","0.0-6.0-1.5","","null","","","","<div class='trialBorder'><div class='vertical-center'><img style='vertical-align:center; align:center' src=img/fixation3.jpg></div></div>","null","","","","","","",""
"","","","offer","6005fd9c8bbd67931607e518","bdp_sd","Sun Mar 26 2023 09:29:03 GMT-0700 (Pacific Daylight Time)","94845","html-keyboard-response","23","56950","0.0-6.0-2.5","","1533","","","","<div class='trialBorder'><div class='vertical-center'><img style='vertical-align:center; align:center' src=img/fixation3.jpg></div><div class='cl'><div class='vertical-center'>$33<br>for<br>yourself</div></div><div class='cr'><div class='vertical-center'>$80<br>for<br>MD</div></div><div class='respDivL'><div class='vertical-center'>(E)</div></div><div class='respDivR'><div class='vertical-center'>(I)</div></div></div>","I","$33<br>for<br>yourself","$80<br>for<br>2","0","33","80","2","OTHER"
"","","","offerFB","6005fd9c8bbd67931607e518","bdp_sd","Sun Mar 26 2023 09:29:03 GMT-0700 (Pacific Daylight Time)","94845","html-keyboard-response","24","57207","0.0-6.0-3.5","","null","","","","<div class='trialBorder'><div class='vertical-center'><img style='vertical-align:center; align:center' src=img/fixation3.jpg></div><div class='cl'><div class='vertical-center'>$33<br>for<br>yourself</div></div><div class='cr'><div class='vertical-center'><font style='color:orange'>$80<br>for<br>MD</font></div></div><div class='respDivL'><div class='vertical-center'>(E)</div></div><div class='respDivR'><div class='vertical-center'><font style='color:orange'>(I)</font></div></div></div>","null","$33<br>for<br>yourself","$80<br>for<br>2","0","33","80","2",""
"","","","FIX","6005fd9c8bbd67931607e518","bdp_sd","Sun Mar 26 2023 09:29:03 GMT-0700 (Pacific Daylight Time)","94845","html-keyboard-response","25","57714","0.0-6.0-1.6","","null","","","","<div class='trialBorder'><div class='vertical-center'><img style='vertical-align:center; align:center' src=img/fixation3.jpg></div></div>","null","","","","","","",""
"","","","offer","6005fd9c8bbd67931607e518","bdp_sd","Sun Mar 26 2023 09:29:03 GMT-0700 (Pacific Daylight Time)","94845","html-keyboard-response","26","59155","0.0-6.0-2.6","","1437","","","","<div class='trialBorder'><div class='vertical-center'><img style='vertical-align:center; align:center' src=img/fixation3.jpg></div><div class='cl'><div class='vertical-center'>$30<br>for<br>MD</div></div><div class='cr'><div class='vertical-center'>$11<br>for<br>yourself</div></div><div class='respDivL'><div class='vertical-center'>(E)</div></div><div class='respDivR'><div class='vertical-center'>(I)</div></div></div>","E","$11<br>for<br>yourself","$30<br>for<br>2","1","11","30","2","OTHER"
"","","","offerFB","6005fd9c8bbd67931607e518","bdp_sd","Sun Mar 26 2023 09:29:03 GMT-0700 (Pacific Daylight Time)","94845","html-keyboard-response","27","59412","0.0-6.0-3.6","","null","","","","<div class='trialBorder'><div class='vertical-center'><img style='vertical-align:center; align:center' src=img/fixation3.jpg></div><div class='cl'><div class='vertical-center'><font style='color:orange'>$30<br>for<br>MD</font></div></div><div class='cr'><div class='vertical-center'>$11<br>for<br>yourself</div></div><div class='respDivL'><div class='vertical-center'><font style='color:orange'>(E)</font></div></div><div class='respDivR'><div class='vertical-center'>(I)</div></div></div>","null","$11<br>for<br>yourself","$30<br>for<br>2","1","11","30","2",""
"","","","FIX","6005fd9c8bbd67931607e518","bdp_sd","Sun Mar 26 2023 09:29:03 GMT-0700 (Pacific Daylight Time)","94845","html-keyboard-response","28","59920","0.0-6.0-1.7","","null","","","","<div class='trialBorder'><div class='vertical-center'><img style='vertical-align:center; align:center' src=img/fixation3.jpg></div></div>","null","","","","","","",""
"","","","offer","6005fd9c8bbd67931607e518","bdp_sd","Sun Mar 26 2023 09:29:03 GMT-0700 (Pacific Daylight Time)","94845","html-keyboard-response","29","61402","0.0-6.0-2.7","","1481","","","","<div class='trialBorder'><div class='vertical-center'><img style='vertical-align:center; align:center' src=img/fixation3.jpg></div><div class='cl'><div class='vertical-center'>$30<br>for<br>MN</div></div><div class='cr'><div class='vertical-center'>$25<br>for<br>yourself</div></div><div class='respDivL'><div class='vertical-center'>(E)</div></div><div class='respDivR'><div class='vertical-center'>(I)</div></div></div>","E","$25<br>for<br>yourself","$30<br>for<br>4","1","25","30","4","OTHER"
"","","","offerFB","6005fd9c8bbd67931607e518","bdp_sd","Sun Mar 26 2023 09:29:03 GMT-0700 (Pacific Daylight Time)","94845","html-keyboard-response","30","61659","0.0-6.0-3.7","","null","","","","<div class='trialBorder'><div class='vertical-center'><img style='vertical-align:center; align:center' src=img/fixation3.jpg></div><div class='cl'><div class='vertical-center'><font style='color:orange'>$30<br>for<br>MN</font></div></div><div class='cr'><div class='vertical-center'>$25<br>for<br>yourself</div></div><div class='respDivL'><div class='vertical-center'><font style='color:orange'>(E)</font></div></div><div class='respDivR'><div class='vertical-center'>(I)</div></div></div>","null","$25<br>for<br>yourself","$30<br>for<br>4","1","25","30","4",""
"","","","FIX","6005fd9c8bbd67931607e518","bdp_sd","Sun Mar 26 2023 09:29:03 GMT-0700 (Pacific Daylight Time)","94845","html-keyboard-response","31","62166","0.0-6.0-1.8","","null","","","","<div class='trialBorder'><div class='vertical-center'><img style='vertical-align:center; align:center' src=img/fixation3.jpg></div></div>","null","","","","","","",""
"","","","offer","6005fd9c8bbd67931607e518","bdp_sd","Sun Mar 26 2023 09:29:03 GMT-0700 (Pacific Daylight Time)","94845","html-keyboard-response","32","63902","0.0-6.0-2.8","","1733","","","","<div class='trialBorder'><div class='vertical-center'><img style='vertical-align:center; align:center' src=img/fixation3.jpg></div><div class='cl'><div class='vertical-center'>$75<br>for<br>BR</div></div><div class='cr'><div class='vertical-center'>$41<br>for<br>yourself</div></div><div class='respDivL'><div class='vertical-center'>(E)</div></div><div class='respDivR'><div class='vertical-center'>(I)</div></div></div>","E","$41<br>for<br>yourself","$75<br>for<br>3","1","41","75","3","OTHER"
"","","","offerFB","6005fd9c8bbd67931607e518","bdp_sd","Sun Mar 26 2023 09:29:03 GMT-0700 (Pacific Daylight Time)","94845","html-keyboard-response","33","64160","0.0-6.0-3.8","","null","","","","<div class='trialBorder'><div class='vertical-center'><img style='vertical-align:center; align:center' src=img/fixation3.jpg></div><div class='cl'><div class='vertical-center'><font style='color:orange'>$75<br>for<br>BR</font></div></div><div class='cr'><div class='vertical-center'>$41<br>for<br>yourself</div></div><div class='respDivL'><div class='vertical-center'><font style='color:orange'>(E)</font></div></div><div class='respDivR'><div class='vertical-center'>(I)</div></div></div>","null","$41<br>for<br>yourself","$75<br>for<br>3","1","41","75","3",""
"","","","FIX","6005fd9c8bbd67931607e518","bdp_sd","Sun Mar 26 2023 09:29:03 GMT-0700 (Pacific Daylight Time)","94845","html-keyboard-response","34","64667","0.0-6.0-1.9","","null","","","","<div class='trialBorder'><div class='vertical-center'><img style='vertical-align:center; align:center' src=img/fixation3.jpg></div></div>","null","","","","","","",""
"","","","offer","6005fd9c8bbd67931607e518","bdp_sd","Sun Mar 26 2023 09:29:03 GMT-0700 (Pacific Daylight Time)","94845","html-keyboard-response","35","66242","0.0-6.0-2.9","","1572","","","","<div class='trialBorder'><div class='vertical-center'><img style='vertical-align:center; align:center' src=img/fixation3.jpg></div><div class='cl'><div class='vertical-center'>$27<br>for<br>yourself</div></div><div class='cr'><div class='vertical-center'>$50<br>for<br>BR</div></div><div class='respDivL'><div class='vertical-center'>(E)</div></div><div class='respDivR'><div class='vertical-center'>(I)</div></div></div>","I","$27<br>for<br>yourself","$50<br>for<br>3","0","27","50","3","OTHER"
"","","","offerFB","6005fd9c8bbd67931607e518","bdp_sd","Sun Mar 26 2023 09:29:03 GMT-0700 (Pacific Daylight Time)","94845","html-keyboard-response","36","66499","0.0-6.0-3.9","","null","","","","<div class='trialBorder'><div class='vertical-center'><img style='vertical-align:center; align:center' src=img/fixation3.jpg></div><div class='cl'><div class='vertical-center'>$27<br>for<br>yourself</div></div><div class='cr'><div class='vertical-center'><font style='color:orange'>$50<br>for<br>BR</font></div></div><div class='respDivL'><div class='vertical-center'>(E)</div></div><div class='respDivR'><div class='vertical-center'><font style='color:orange'>(I)</font></div></div></div>","null","$27<br>for<br>yourself","$50<br>for<br>3","0","27","50","3",""
"","","","FIX","6005fd9c8bbd67931607e518","bdp_sd","Sun Mar 26 2023 09:29:03 GMT-0700 (Pacific Daylight Time)","94845","html-keyboard-response","37","67007","0.0-6.0-1.10","","null","","","","<div class='trialBorder'><div class='vertical-center'><img style='vertical-align:center; align:center' src=img/fixation3.jpg></div></div>","null","","","","","","",""
"","","","offer","6005fd9c8bbd67931607e518","bdp_sd","Sun Mar 26 2023 09:29:03 GMT-0700 (Pacific Daylight Time)","94845","html-keyboard-response","38","68134","0.0-6.0-2.10","","1120","","","","<div class='trialBorder'><div class='vertical-center'><img style='vertical-align:center; align:center' src=img/fixation3.jpg></div><div class='cl'><div class='vertical-center'>$80<br>for<br>yourself</div></div><div class='cr'><div class='vertical-center'>$85<br>for<br>OL</div></div><div class='respDivL'><div class='vertical-center'>(E)</div></div><div class='respDivR'><div class='vertical-center'>(I)</div></div></div>","I","$80<br>for<br>yourself","$85<br>for<br>5","0","80","85","5","OTHER"
"","","","offerFB","6005fd9c8bbd67931607e518","bdp_sd","Sun Mar 26 2023 09:29:03 GMT-0700 (Pacific Daylight Time)","94845","html-keyboard-response","39","68392","0.0-6.0-3.10","","null","","","","<div class='trialBorder'><div class='vertical-center'><img style='vertical-align:center; align:center' src=img/fixation3.jpg></div><div class='cl'><div class='vertical-center'>$80<br>for<br>yourself</div></div><div class='cr'><div class='vertical-center'><font style='color:orange'>$85<br>for<br>OL</font></div></div><div class='respDivL'><div class='vertical-center'>(E)</div></div><div class='respDivR'><div class='vertical-center'><font style='color:orange'>(I)</font></div></div></div>","null","$80<br>for<br>yourself","$85<br>for<br>5","0","80","85","5",""
"","","","FIX","6005fd9c8bbd67931607e518","bdp_sd","Sun Mar 26 2023 09:29:03 GMT-0700 (Pacific Daylight Time)","94845","html-keyboard-response","40","68899","0.0-6.0-1.11","","null","","","","<div class='trialBorder'><div class='vertical-center'><img style='vertical-align:center; align:center' src=img/fixation3.jpg></div></div>","null","","","","","","",""
"","","","offer","6005fd9c8bbd67931607e518","bdp_sd","Sun Mar 26 2023 09:29:03 GMT-0700 (Pacific Daylight Time)","94845","html-keyboard-response","41","70763","0.0-6.0-2.11","","1860","","","","<div class='trialBorder'><div class='vertical-center'><img style='vertical-align:center; align:center' src=img/fixation3.jpg></div><div class='cl'><div class='vertical-center'>$34<br>for<br>yourself</div></div><div class='cr'><div class='vertical-center'>$35<br>for<br>OL</div></div><div class='respDivL'><div class='vertical-center'>(E)</div></div><div class='respDivR'><div class='vertical-center'>(I)</div></div></div>","E","$34<br>for<br>yourself","$35<br>for<br>5","0","34","35","5","SELF"
"","","","offerFB","6005fd9c8bbd67931607e518","bdp_sd","Sun Mar 26 2023 09:29:03 GMT-0700 (Pacific Daylight Time)","94845","html-keyboard-response","42","71020","0.0-6.0-3.11","","null","","","","<div class='trialBorder'><div class='vertical-center'><img style='vertical-align:center; align:center' src=img/fixation3.jpg></div><div class='cl'><div class='vertical-center'><font style='color:orange'>$34<br>for<br>yourself</font></div></div><div class='cr'><div class='vertical-center'>$35<br>for<br>OL</div></div><div class='respDivL'><div class='vertical-center'><font style='color:orange'>(E)</font></div></div><div class='respDivR'><div class='vertical-center'>(I)</div></div></div>","null","$34<br>for<br>yourself","$35<br>for<br>5","0","34","35","5",""
"","","","FIX","6005fd9c8bbd67931607e518","bdp_sd","Sun Mar 26 2023 09:29:03 GMT-0700 (Pacific Daylight Time)","94845","html-keyboard-response","43","71524","0.0-6.0-1.12","","null","","","","<div class='trialBorder'><div class='vertical-center'><img style='vertical-align:center; align:center' src=img/fixation3.jpg></div></div>","null","","","","","","",""
"","","","offer","6005fd9c8bbd67931607e518","bdp_sd","Sun Mar 26 2023 09:29:03 GMT-0700 (Pacific Daylight Time)","94845","html-keyboard-response","44","72949","0.0-6.0-2.12","","1422","","","","<div class='trialBorder'><div class='vertical-center'><img style='vertical-align:center; align:center' src=img/fixation3.jpg></div><div class='cl'><div class='vertical-center'>$22<br>for<br>yourself</div></div><div class='cr'><div class='vertical-center'>$25<br>for<br>OL</div></div><div class='respDivL'><div class='vertical-center'>(E)</div></div><div class='respDivR'><div class='vertical-center'>(I)</div></div></div>","I","$22<br>for<br>yourself","$25<br>for<br>5","0","22","25","5","OTHER"
"","","","offerFB","6005fd9c8bbd67931607e518","bdp_sd","Sun Mar 26 2023 09:29:03 GMT-0700 (Pacific Daylight Time)","94845","html-keyboard-response","45","73206","0.0-6.0-3.12","","null","","","","<div class='trialBorder'><div class='vertical-center'><img style='vertical-align:center; align:center' src=img/fixation3.jpg></div><div class='cl'><div class='vertical-center'>$22<br>for<br>yourself</div></div><div class='cr'><div class='vertical-center'><font style='color:orange'>$25<br>for<br>OL</font></div></div><div class='respDivL'><div class='vertical-center'>(E)</div></div><div class='respDivR'><div class='vertical-center'><font style='color:orange'>(I)</font></div></div></div>","null","$22<br>for<br>yourself","$25<br>for<br>5","0","22","25","5",""
"","","","FIX","6005fd9c8bbd67931607e518","bdp_sd","Sun Mar 26 2023 09:29:03 GMT-0700 (Pacific Daylight Time)","94845","html-keyboard-response","46","73712","0.0-6.0-1.13","","null","","","","<div class='trialBorder'><div class='vertical-center'><img style='vertical-align:center; align:center' src=img/fixation3.jpg></div></div>","null","","","","","","",""
"","","","offer","6005fd9c8bbd67931607e518","bdp_sd","Sun Mar 26 2023 09:29:03 GMT-0700 (Pacific Daylight Time)","94845","html-keyboard-response","47","74545","0.0-6.0-2.13","","829","","","","<div class='trialBorder'><div class='vertical-center'><img style='vertical-align:center; align:center' src=img/fixation3.jpg></div><div class='cl'><div class='vertical-center'>$35<br>for<br>BR</div></div><div class='cr'><div class='vertical-center'>$24<br>for<br>yourself</div></div><div class='respDivL'><div class='vertical-center'>(E)</div></div><div class='respDivR'><div class='vertical-center'>(I)</div></div></div>","E","$24<br>for<br>yourself","$35<br>for<br>3","1","24","35","3","OTHER"
"","","","offerFB","6005fd9c8bbd67931607e518","bdp_sd","Sun Mar 26 2023 09:29:03 GMT-0700 (Pacific Daylight Time)","94845","html-keyboard-response","48","74803","0.0-6.0-3.13","","null","","","","<div class='trialBorder'><div class='vertical-center'><img style='vertical-align:center; align:center' src=img/fixation3.jpg></div><div class='cl'><div class='vertical-center'><font style='color:orange'>$35<br>for<br>BR</font></div></div><div class='cr'><div class='vertical-center'>$24<br>for<br>yourself</div></div><div class='respDivL'><div class='vertical-center'><font style='color:orange'>(E)</font></div></div><div class='respDivR'><div class='vertical-center'>(I)</div></div></div>","null","$24<br>for<br>yourself","$35<br>for<br>3","1","24","35","3",""
"","","","FIX","6005fd9c8bbd67931607e518","bdp_sd","Sun Mar 26 2023 09:29:03 GMT-0700 (Pacific Daylight Time)","94845","html-keyboard-response","49","75310","0.0-6.0-1.14","","null","","","","<div class='trialBorder'><div class='vertical-center'><img style='vertical-align:center; align:center' src=img/fixation3.jpg></div></div>","null","","","","","","",""
"","","","offer","6005fd9c8bbd67931607e518","bdp_sd","Sun Mar 26 2023 09:29:03 GMT-0700 (Pacific Daylight Time)","94845","html-keyboard-response","50","75961","0.0-6.0-2.14","","647","","","","<div class='trialBorder'><div class='vertical-center'><img style='vertical-align:center; align:center' src=img/fixation3.jpg></div><div class='cl'><div class='vertical-center'>$60<br>for<br>MN</div></div><div class='cr'><div class='vertical-center'>$49<br>for<br>yourself</div></div><div class='respDivL'><div class='vertical-center'>(E)</div></div><div class='respDivR'><div class='vertical-center'>(I)</div></div></div>","E","$49<br>for<br>yourself","$60<br>for<br>4","1","49","60","4","OTHER"
"","","","offerFB","6005fd9c8bbd67931607e518","bdp_sd","Sun Mar 26 2023 09:29:03 GMT-0700 (Pacific Daylight Time)","94845","html-keyboard-response","51","76218","0.0-6.0-3.14","","null","","","","<div class='trialBorder'><div class='vertical-center'><img style='vertical-align:center; align:center' src=img/fixation3.jpg></div><div class='cl'><div class='vertical-center'><font style='color:orange'>$60<br>for<br>MN</font></div></div><div class='cr'><div class='vertical-center'>$49<br>for<br>yourself</div></div><div class='respDivL'><div class='vertical-center'><font style='color:orange'>(E)</font></div></div><div class='respDivR'><div class='vertical-center'>(I)</div></div></div>","null","$49<br>for<br>yourself","$60<br>for<br>4","1","49","60","4",""
"","","","FIX","6005fd9c8bbd67931607e518","bdp_sd","Sun Mar 26 2023 09:29:03 GMT-0700 (Pacific Daylight Time)","94845","html-keyboard-response","52","76723","0.0-6.0-1.15","","null","","","","<div class='trialBorder'><div class='vertical-center'><img style='vertical-align:center; align:center' src=img/fixation3.jpg></div></div>","null","","","","","","",""
"","","","offer","6005fd9c8bbd67931607e518","bdp_sd","Sun Mar 26 2023 09:29:03 GMT-0700 (Pacific Daylight Time)","94845","html-keyboard-response","53","77402","0.0-6.0-2.15","","676","","","","<div class='trialBorder'><div class='vertical-center'><img style='vertical-align:center; align:center' src=img/fixation3.jpg></div><div class='cl'><div class='vertical-center'>$55<br>for<br>OL</div></div><div class='cr'><div class='vertical-center'>$54<br>for<br>yourself</div></div><div class='respDivL'><div class='vertical-center'>(E)</div></div><div class='respDivR'><div class='vertical-center'>(I)</div></div></div>","E","$54<br>for<br>yourself","$55<br>for<br>5","1","54","55","5","OTHER"
"","","","offerFB","6005fd9c8bbd67931607e518","bdp_sd","Sun Mar 26 2023 09:29:03 GMT-0700 (Pacific Daylight Time)","94845","html-keyboard-response","54","77660","0.0-6.0-3.15","","null","","","","<div class='trialBorder'><div class='vertical-center'><img style='vertical-align:center; align:center' src=img/fixation3.jpg></div><div class='cl'><div class='vertical-center'><font style='color:orange'>$55<br>for<br>OL</font></div></div><div class='cr'><div class='vertical-center'>$54<br>for<br>yourself</div></div><div class='respDivL'><div class='vertical-center'><font style='color:orange'>(E)</font></div></div><div class='respDivR'><div class='vertical-center'>(I)</div></div></div>","null","$54<br>for<br>yourself","$55<br>for<br>5","1","54","55","5",""
"","","","FIX","6005fd9c8bbd67931607e518","bdp_sd","Sun Mar 26 2023 09:29:03 GMT-0700 (Pacific Daylight Time)","94845","html-keyboard-response","55","78167","0.0-6.0-1.16","","null","","","","<div class='trialBorder'><div class='vertical-center'><img style='vertical-align:center; align:center' src=img/fixation3.jpg></div></div>","null","","","","","","",""
"","","","offer","6005fd9c8bbd67931607e518","bdp_sd","Sun Mar 26 2023 09:29:03 GMT-0700 (Pacific Daylight Time)","94845","html-keyboard-response","56","78920","0.0-6.0-2.16","","751","","","","<div class='trialBorder'><div class='vertical-center'><img style='vertical-align:center; align:center' src=img/fixation3.jpg></div><div class='cl'><div class='vertical-center'>$19<br>for<br>yourself</div></div><div class='cr'><div class='vertical-center'>$25<br>for<br>MN</div></div><div class='respDivL'><div class='vertical-center'>(E)</div></div><div class='respDivR'><div class='vertical-center'>(I)</div></div></div>","I","$19<br>for<br>yourself","$25<br>for<br>4","0","19","25","4","OTHER"
"","","","offerFB","6005fd9c8bbd67931607e518","bdp_sd","Sun Mar 26 2023 09:29:03 GMT-0700 (Pacific Daylight Time)","94845","html-keyboard-response","57","79177","0.0-6.0-3.16","","null","","","","<div class='trialBorder'><div class='vertical-center'><img style='vertical-align:center; align:center' src=img/fixation3.jpg></div><div class='cl'><div class='vertical-center'>$19<br>for<br>yourself</div></div><div class='cr'><div class='vertical-center'><font style='color:orange'>$25<br>for<br>MN</font></div></div><div class='respDivL'><div class='vertical-center'>(E)</div></div><div class='respDivR'><div class='vertical-center'><font style='color:orange'>(I)</font></div></div></div>","null","$19<br>for<br>yourself","$25<br>for<br>4","0","19","25","4",""
"","","","FIX","6005fd9c8bbd67931607e518","bdp_sd","Sun Mar 26 2023 09:29:03 GMT-0700 (Pacific Daylight Time)","94845","html-keyboard-response","58","79681","0.0-6.0-1.17","","null","","","","<div class='trialBorder'><div class='vertical-center'><img style='vertical-align:center; align:center' src=img/fixation3.jpg></div></div>","null","","","","","","",""
"","","","offer","6005fd9c8bbd67931607e518","bdp_sd","Sun Mar 26 2023 09:29:03 GMT-0700 (Pacific Daylight Time)","94845","html-keyboard-response","59","80236","0.0-6.0-2.17","","553","","","","<div class='trialBorder'><div class='vertical-center'><img style='vertical-align:center; align:center' src=img/fixation3.jpg></div><div class='cl'><div class='vertical-center'>$78<br>for<br>yourself</div></div><div class='cr'><div class='vertical-center'>$80<br>for<br>OL</div></div><div class='respDivL'><div class='vertical-center'>(E)</div></div><div class='respDivR'><div class='vertical-center'>(I)</div></div></div>","I","$78<br>for<br>yourself","$80<br>for<br>5","0","78","80","5","OTHER"
"","","","offerFB","6005fd9c8bbd67931607e518","bdp_sd","Sun Mar 26 2023 09:29:03 GMT-0700 (Pacific Daylight Time)","94845","html-keyboard-response","60","80493","0.0-6.0-3.17","","null","","","","<div class='trialBorder'><div class='vertical-center'><img style='vertical-align:center; align:center' src=img/fixation3.jpg></div><div class='cl'><div class='vertical-center'>$78<br>for<br>yourself</div></div><div class='cr'><div class='vertical-center'><font style='color:orange'>$80<br>for<br>OL</font></div></div><div class='respDivL'><div class='vertical-center'>(E)</div></div><div class='respDivR'><div class='vertical-center'><font style='color:orange'>(I)</font></div></div></div>","null","$78<br>for<br>yourself","$80<br>for<br>5","0","78","80","5",""
"","","","FIX","6005fd9c8bbd67931607e518","bdp_sd","Sun Mar 26 2023 09:29:03 GMT-0700 (Pacific Daylight Time)","94845","html-keyboard-response","61","80997","0.0-6.0-1.18","","null","","","","<div class='trialBorder'><div class='vertical-center'><img style='vertical-align:center; align:center' src=img/fixation3.jpg></div></div>","null","","","","","","",""
"","","","offer","6005fd9c8bbd67931607e518","bdp_sd","Sun Mar 26 2023 09:29:03 GMT-0700 (Pacific Daylight Time)","94845","html-keyboard-response","62","81832","0.0-6.0-2.18","","831","","","","<div class='trialBorder'><div class='vertical-center'><img style='vertical-align:center; align:center' src=img/fixation3.jpg></div><div class='cl'><div class='vertical-center'>$34<br>for<br>yourself</div></div><div class='cr'><div class='vertical-center'>$50<br>for<br>MN</div></div><div class='respDivL'><div class='vertical-center'>(E)</div></div><div class='respDivR'><div class='vertical-center'>(I)</div></div></div>","I","$34<br>for<br>yourself","$50<br>for<br>4","0","34","50","4","OTHER"
"","","","offerFB","6005fd9c8bbd67931607e518","bdp_sd","Sun Mar 26 2023 09:29:03 GMT-0700 (Pacific Daylight Time)","94845","html-keyboard-response","63","82087","0.0-6.0-3.18","","null","","","","<div class='trialBorder'><div class='vertical-center'><img style='vertical-align:center; align:center' src=img/fixation3.jpg></div><div class='cl'><div class='vertical-center'>$34<br>for<br>yourself</div></div><div class='cr'><div class='vertical-center'><font style='color:orange'>$50<br>for<br>MN</font></div></div><div class='respDivL'><div class='vertical-center'>(E)</div></div><div class='respDivR'><div class='vertical-center'><font style='color:orange'>(I)</font></div></div></div>","null","$34<br>for<br>yourself","$50<br>for<br>4","0","34","50","4",""
"","","","FIX","6005fd9c8bbd67931607e518","bdp_sd","Sun Mar 26 2023 09:29:03 GMT-0700 (Pacific Daylight Time)","94845","html-keyboard-response","64","82592","0.0-6.0-1.19","","null","","","","<div class='trialBorder'><div class='vertical-center'><img style='vertical-align:center; align:center' src=img/fixation3.jpg></div></div>","null","","","","","","",""
"","","","offer","6005fd9c8bbd67931607e518","bdp_sd","Sun Mar 26 2023 09:29:03 GMT-0700 (Pacific Daylight Time)","94845","html-keyboard-response","65","83428","0.0-6.0-2.19","","835","","","","<div class='trialBorder'><div class='vertical-center'><img style='vertical-align:center; align:center' src=img/fixation3.jpg></div><div class='cl'><div class='vertical-center'>$15<br>for<br>yourself</div></div><div class='cr'><div class='vertical-center'>$35<br>for<br>MD</div></div><div class='respDivL'><div class='vertical-center'>(E)</div></div><div class='respDivR'><div class='vertical-center'>(I)</div></div></div>","I","$15<br>for<br>yourself","$35<br>for<br>2","0","15","35","2","OTHER"
"","","","offerFB","6005fd9c8bbd67931607e518","bdp_sd","Sun Mar 26 2023 09:29:03 GMT-0700 (Pacific Daylight Time)","94845","html-keyboard-response","66","83684","0.0-6.0-3.19","","null","","","","<div class='trialBorder'><div class='vertical-center'><img style='vertical-align:center; align:center' src=img/fixation3.jpg></div><div class='cl'><div class='vertical-center'>$15<br>for<br>yourself</div></div><div class='cr'><div class='vertical-center'><font style='color:orange'>$35<br>for<br>MD</font></div></div><div class='respDivL'><div class='vertical-center'>(E)</div></div><div class='respDivR'><div class='vertical-center'><font style='color:orange'>(I)</font></div></div></div>","null","$15<br>for<br>yourself","$35<br>for<br>2","0","15","35","2",""
"","","","FIX","6005fd9c8bbd67931607e518","bdp_sd","Sun Mar 26 2023 09:29:03 GMT-0700 (Pacific Daylight Time)","94845","html-keyboard-response","67","84189","0.0-6.0-1.20","","null","","","","<div class='trialBorder'><div class='vertical-center'><img style='vertical-align:center; align:center' src=img/fixation3.jpg></div></div>","null","","","","","","",""
"","","","offer","6005fd9c8bbd67931607e518","bdp_sd","Sun Mar 26 2023 09:29:03 GMT-0700 (Pacific Daylight Time)","94845","html-keyboard-response","68","84772","0.0-6.0-2.20","","579","","","","<div class='trialBorder'><div class='vertical-center'><img style='vertical-align:center; align:center' src=img/fixation3.jpg></div><div class='cl'><div class='vertical-center'>$55<br>for<br>yourself</div></div><div class='cr'><div class='vertical-center'>$75<br>for<br>MN</div></div><div class='respDivL'><div class='vertical-center'>(E)</div></div><div class='respDivR'><div class='vertical-center'>(I)</div></div></div>","I","$55<br>for<br>yourself","$75<br>for<br>4","0","55","75","4","OTHER"
"","","","offerFB","6005fd9c8bbd67931607e518","bdp_sd","Sun Mar 26 2023 09:29:03 GMT-0700 (Pacific Daylight Time)","94845","html-keyboard-response","69","85029","0.0-6.0-3.20","","null","","","","<div class='trialBorder'><div class='vertical-center'><img style='vertical-align:center; align:center' src=img/fixation3.jpg></div><div class='cl'><div class='vertical-center'>$55<br>for<br>yourself</div></div><div class='cr'><div class='vertical-center'><font style='color:orange'>$75<br>for<br>MN</font></div></div><div class='respDivL'><div class='vertical-center'>(E)</div></div><div class='respDivR'><div class='vertical-center'><font style='color:orange'>(I)</font></div></div></div>","null","$55<br>for<br>yourself","$75<br>for<br>4","0","55","75","4",""
"","","","FIX","6005fd9c8bbd67931607e518","bdp_sd","Sun Mar 26 2023 09:29:03 GMT-0700 (Pacific Daylight Time)","94845","html-keyboard-response","70","85534","0.0-6.0-1.21","","null","","","","<div class='trialBorder'><div class='vertical-center'><img style='vertical-align:center; align:center' src=img/fixation3.jpg></div></div>","null","","","","","","",""
"","","","offer","6005fd9c8bbd67931607e518","bdp_sd","Sun Mar 26 2023 09:29:03 GMT-0700 (Pacific Daylight Time)","94845","html-keyboard-response","71","86114","0.0-6.0-2.21","","574","","","","<div class='trialBorder'><div class='vertical-center'><img style='vertical-align:center; align:center' src=img/fixation3.jpg></div><div class='cl'><div class='vertical-center'>$47<br>for<br>yourself</div></div><div class='cr'><div class='vertical-center'>$50<br>for<br>OL</div></div><div class='respDivL'><div class='vertical-center'>(E)</div></div><div class='respDivR'><div class='vertical-center'>(I)</div></div></div>","I","$47<br>for<br>yourself","$50<br>for<br>5","0","47","50","5","OTHER"
"","","","offerFB","6005fd9c8bbd67931607e518","bdp_sd","Sun Mar 26 2023 09:29:03 GMT-0700 (Pacific Daylight Time)","94845","html-keyboard-response","72","86369","0.0-6.0-3.21","","null","","","","<div class='trialBorder'><div class='vertical-center'><img style='vertical-align:center; align:center' src=img/fixation3.jpg></div><div class='cl'><div class='vertical-center'>$47<br>for<br>yourself</div></div><div class='cr'><div class='vertical-center'><font style='color:orange'>$50<br>for<br>OL</font></div></div><div class='respDivL'><div class='vertical-center'>(E)</div></div><div class='respDivR'><div class='vertical-center'><font style='color:orange'>(I)</font></div></div></div>","null","$47<br>for<br>yourself","$50<br>for<br>5","0","47","50","5",""
"","","","FIX","6005fd9c8bbd67931607e518","bdp_sd","Sun Mar 26 2023 09:29:03 GMT-0700 (Pacific Daylight Time)","94845","html-keyboard-response","73","86876","0.0-6.0-1.22","","null","","","","<div class='trialBorder'><div class='vertical-center'><img style='vertical-align:center; align:center' src=img/fixation3.jpg></div></div>","null","","","","","","",""
"","","","offer","6005fd9c8bbd67931607e518","bdp_sd","Sun Mar 26 2023 09:29:03 GMT-0700 (Pacific Daylight Time)","94845","html-keyboard-response","74","87865","0.0-6.0-2.22","","987","","","","<div class='trialBorder'><div class='vertical-center'><img style='vertical-align:center; align:center' src=img/fixation3.jpg></div><div class='cl'><div class='vertical-center'>$75<br>for<br>OL</div></div><div class='cr'><div class='vertical-center'>$67<br>for<br>yourself</div></div><div class='respDivL'><div class='vertical-center'>(E)</div></div><div class='respDivR'><div class='vertical-center'>(I)</div></div></div>","E","$67<br>for<br>yourself","$75<br>for<br>5","1","67","75","5","OTHER"
"","","","offerFB","6005fd9c8bbd67931607e518","bdp_sd","Sun Mar 26 2023 09:29:03 GMT-0700 (Pacific Daylight Time)","94845","html-keyboard-response","75","88121","0.0-6.0-3.22","","null","","","","<div class='trialBorder'><div class='vertical-center'><img style='vertical-align:center; align:center' src=img/fixation3.jpg></div><div class='cl'><div class='vertical-center'><font style='color:orange'>$75<br>for<br>OL</font></div></div><div class='cr'><div class='vertical-center'>$67<br>for<br>yourself</div></div><div class='respDivL'><div class='vertical-center'><font style='color:orange'>(E)</font></div></div><div class='respDivR'><div class='vertical-center'>(I)</div></div></div>","null","$67<br>for<br>yourself","$75<br>for<br>5","1","67","75","5",""
"","","","FIX","6005fd9c8bbd67931607e518","bdp_sd","Sun Mar 26 2023 09:29:03 GMT-0700 (Pacific Daylight Time)","94845","html-keyboard-response","76","88626","0.0-6.0-1.23","","null","","","","<div class='trialBorder'><div class='vertical-center'><img style='vertical-align:center; align:center' src=img/fixation3.jpg></div></div>","null","","","","","","",""
"","","","offer","6005fd9c8bbd67931607e518","bdp_sd","Sun Mar 26 2023 09:29:03 GMT-0700 (Pacific Daylight Time)","94845","html-keyboard-response","77","89369","0.0-6.0-2.23","","741","","","","<div class='trialBorder'><div class='vertical-center'><img style='vertical-align:center; align:center' src=img/fixation3.jpg></div><div class='cl'><div class='vertical-center'>$14<br>for<br>yourself</div></div><div class='cr'><div class='vertical-center'>$25<br>for<br>BR</div></div><div class='respDivL'><div class='vertical-center'>(E)</div></div><div class='respDivR'><div class='vertical-center'>(I)</div></div></div>","I","$14<br>for<br>yourself","$25<br>for<br>3","0","14","25","3","OTHER"
"","","","offerFB","6005fd9c8bbd67931607e518","bdp_sd","Sun Mar 26 2023 09:29:03 GMT-0700 (Pacific Daylight Time)","94845","html-keyboard-response","78","89625","0.0-6.0-3.23","","null","","","","<div class='trialBorder'><div class='vertical-center'><img style='vertical-align:center; align:center' src=img/fixation3.jpg></div><div class='cl'><div class='vertical-center'>$14<br>for<br>yourself</div></div><div class='cr'><div class='vertical-center'><font style='color:orange'>$25<br>for<br>BR</font></div></div><div class='respDivL'><div class='vertical-center'>(E)</div></div><div class='respDivR'><div class='vertical-center'><font style='color:orange'>(I)</font></div></div></div>","null","$14<br>for<br>yourself","$25<br>for<br>3","0","14","25","3",""
"","","","FIX","6005fd9c8bbd67931607e518","bdp_sd","Sun Mar 26 2023 09:29:03 GMT-0700 (Pacific Daylight Time)","94845","html-keyboard-response","79","90130","0.0-6.0-1.24","","null","","","","<div class='trialBorder'><div class='vertical-center'><img style='vertical-align:center; align:center' src=img/fixation3.jpg></div></div>","null","","","","","","",""
"","","","offer","6005fd9c8bbd67931607e518","bdp_sd","Sun Mar 26 2023 09:29:03 GMT-0700 (Pacific Daylight Time)","94845","html-keyboard-response","80","90667","0.0-6.0-2.24","","534","","","","<div class='trialBorder'><div class='vertical-center'><img style='vertical-align:center; align:center' src=img/fixation3.jpg></div><div class='cl'><div class='vertical-center'>$54<br>for<br>yourself</div></div><div class='cr'><div class='vertical-center'>$80<br>for<br>BR</div></div><div class='respDivL'><div class='vertical-center'>(E)</div></div><div class='respDivR'><div class='vertical-center'>(I)</div></div></div>","I","$54<br>for<br>yourself","$80<br>for<br>3","0","54","80","3","OTHER"
"","","","offerFB","6005fd9c8bbd67931607e518","bdp_sd","Sun Mar 26 2023 09:29:03 GMT-0700 (Pacific Daylight Time)","94845","html-keyboard-response","81","90925","0.0-6.0-3.24","","null","","","","<div class='trialBorder'><div class='vertical-center'><img style='vertical-align:center; align:center' src=img/fixation3.jpg></div><div class='cl'><div class='vertical-center'>$54<br>for<br>yourself</div></div><div class='cr'><div class='vertical-center'><font style='color:orange'>$80<br>for<br>BR</font></div></div><div class='respDivL'><div class='vertical-center'>(E)</div></div><div class='respDivR'><div class='vertical-center'><font style='color:orange'>(I)</font></div></div></div>","null","$54<br>for<br>yourself","$80<br>for<br>3","0","54","80","3",""
"","","","FIX","6005fd9c8bbd67931607e518","bdp_sd","Sun Mar 26 2023 09:29:03 GMT-0700 (Pacific Daylight Time)","94845","html-keyboard-response","82","91430","0.0-6.0-1.25","","null","","","","<div class='trialBorder'><div class='vertical-center'><img style='vertical-align:center; align:center' src=img/fixation3.jpg></div></div>","null","","","","","","",""
"","","","offer","6005fd9c8bbd67931607e518","bdp_sd","Sun Mar 26 2023 09:29:03 GMT-0700 (Pacific Daylight Time)","94845","html-keyboard-response","83","92207","0.0-6.0-2.25","","773","","","","<div class='trialBorder'><div class='vertical-center'><img style='vertical-align:center; align:center' src=img/fixation3.jpg></div><div class='cl'><div class='vertical-center'>$85<br>for<br>ML</div></div><div class='cr'><div class='vertical-center'>$31<br>for<br>yourself</div></div><div class='respDivL'><div class='vertical-center'>(E)</div></div><div class='respDivR'><div class='vertical-center'>(I)</div></div></div>","E","$31<br>for<br>yourself","$85<br>for<br>1","1","31","85","1","OTHER"
"","","","offerFB","6005fd9c8bbd67931607e518","bdp_sd","Sun Mar 26 2023 09:29:03 GMT-0700 (Pacific Daylight Time)","94845","html-keyboard-response","84","92464","0.0-6.0-3.25","","null","","","","<div class='trialBorder'><div class='vertical-center'><img style='vertical-align:center; align:center' src=img/fixation3.jpg></div><div class='cl'><div class='vertical-center'><font style='color:orange'>$85<br>for<br>ML</font></div></div><div class='cr'><div class='vertical-center'>$31<br>for<br>yourself</div></div><div class='respDivL'><div class='vertical-center'><font style='color:orange'>(E)</font></div></div><div class='respDivR'><div class='vertical-center'>(I)</div></div></div>","null","$31<br>for<br>yourself","$85<br>for<br>1","1","31","85","1",""
"","","","FIX","6005fd9c8bbd67931607e518","bdp_sd","Sun Mar 26 2023 09:29:03 GMT-0700 (Pacific Daylight Time)","94845","html-keyboard-response","85","92971","0.0-6.0-1.26","","null","","","","<div class='trialBorder'><div class='vertical-center'><img style='vertical-align:center; align:center' src=img/fixation3.jpg></div></div>","null","","","","","","",""
"","","","offer","6005fd9c8bbd67931607e518","bdp_sd","Sun Mar 26 2023 09:29:03 GMT-0700 (Pacific Daylight Time)","94845","html-keyboard-response","86","93582","0.0-6.0-2.26","","609","","","","<div class='trialBorder'><div class='vertical-center'><img style='vertical-align:center; align:center' src=img/fixation3.jpg></div><div class='cl'><div class='vertical-center'>$55<br>for<br>ML</div></div><div class='cr'><div class='vertical-center'>$20<br>for<br>yourself</div></div><div class='respDivL'><div class='vertical-center'>(E)</div></div><div class='respDivR'><div class='vertical-center'>(I)</div></div></div>","E","$20<br>for<br>yourself","$55<br>for<br>1","1","20","55","1","OTHER"
"","","","offerFB","6005fd9c8bbd67931607e518","bdp_sd","Sun Mar 26 2023 09:29:03 GMT-0700 (Pacific Daylight Time)","94845","html-keyboard-response","87","93838","0.0-6.0-3.26","","null","","","","<div class='trialBorder'><div class='vertical-center'><img style='vertical-align:center; align:center' src=img/fixation3.jpg></div><div class='cl'><div class='vertical-center'><font style='color:orange'>$55<br>for<br>ML</font></div></div><div class='cr'><div class='vertical-center'>$20<br>for<br>yourself</div></div><div class='respDivL'><div class='vertical-center'><font style='color:orange'>(E)</font></div></div><div class='respDivR'><div class='vertical-center'>(I)</div></div></div>","null","$20<br>for<br>yourself","$55<br>for<br>1","1","20","55","1",""
"blur","88","94064","blurevent","6005fd9c8bbd67931607e518","bdp_sd","Sun Mar 26 2023 09:29:03 GMT-0700 (Pacific Daylight Time)","94845","","","","","","","","2","","","","","","","","","",""
"focus","88","94077","focusevent","6005fd9c8bbd67931607e518","bdp_sd","Sun Mar 26 2023 09:29:03 GMT-0700 (Pacific Daylight Time)","94845","","","","","","","","","","","","","","","","","",""
"fullscreenexit","88","94123","fullscreenexit","6005fd9c8bbd67931607e518","bdp_sd","Sun Mar 26 2023 09:29:03 GMT-0700 (Pacific Daylight Time)","94845","","","","","","","","","","","","","","","","","",""
"","","","","6005fd9c8bbd67931607e518","bdp_sd","Sun Mar 26 2023 09:29:03 GMT-0700 (Pacific Daylight Time)","94845","fullscreen","88","94844","0.0-7.0","","","","","true","","","","","","","","",""
"","","","","","","","","html-keyboard-response","89","95354","0.0-8.0","","null","","","","","null","","","","","","",""
