"event","trial","time","trialtype","subject_id","task","startTime","totalTime","trial_type","trial_index","time_elapsed","internal_node_id","view_history","rt","responses","success","stimulus","key_press","selfOffer","otherOffer","otherLeft","selfAmt","otherAmt","otherDist","chosen","numBlurs"
"focus","0","0","focusevent","63f58712a2c1bd62fa7bb352","bdp_sd","Mon Apr 03 2023 18:30:38 GMT-0600 (Mountain Daylight Time)","607000","","","","","","","","","","","","","","","","","",""
"","","","","63f58712a2c1bd62fa7bb352","bdp_sd","Mon Apr 03 2023 18:30:38 GMT-0600 (Mountain Daylight Time)","607000","pavlovia","0","1","0.0-0.0","","","","","","","","","","","","","",""
"","","","","63f58712a2c1bd62fa7bb352","bdp_sd","Mon Apr 03 2023 18:30:38 GMT-0600 (Mountain Daylight Time)","607000","instructions","1","1780","0.0-1.0","[{""page_index"":0,""viewing_time"":1779}]","1779","","","","","","","","","","","",""
"","","","","63f58712a2c1bd62fa7bb352","bdp_sd","Mon Apr 03 2023 18:30:38 GMT-0600 (Mountain Daylight Time)","607000","survey-text","2","240559","0.0-2.0","","238778","{""Q0"":""Mia T"",""Q1"":""Russel B"",""Q2"":""Jesus H"",""Q3"":""John B"",""Q4"":""Starla T""}","","","","","","","","","","",""
"fullscreenexit","3","242859","fullscreenexit","63f58712a2c1bd62fa7bb352","bdp_sd","Mon Apr 03 2023 18:30:38 GMT-0600 (Mountain Daylight Time)","607000","","","","","","","","","","","","","","","","","",""
"","","","","63f58712a2c1bd62fa7bb352","bdp_sd","Mon Apr 03 2023 18:30:38 GMT-0600 (Mountain Daylight Time)","607000","fullscreen","3","243658","0.0-3.0","","","","true","","","","","","","","","",""
"","","","fullscreenfail","63f58712a2c1bd62fa7bb352","bdp_sd","Mon Apr 03 2023 18:30:38 GMT-0600 (Mountain Daylight Time)","607000","image-keyboard-response","4","245296","0.0-4.0-0.0","","1636","","","","32","","","","","","","",""
"","","","","63f58712a2c1bd62fa7bb352","bdp_sd","Mon Apr 03 2023 18:30:38 GMT-0600 (Mountain Daylight Time)","607000","instructions","5","351812","0.0-5.0","[{""page_index"":0,""viewing_time"":20390},{""page_index"":1,""viewing_time"":68240},{""page_index"":0,""viewing_time"":10601},{""page_index"":1,""viewing_time"":2640},{""page_index"":2,""viewing_time"":4392}]","106263","","","","","","","","","","","",""
"","","","FIX","63f58712a2c1bd62fa7bb352","bdp_sd","Mon Apr 03 2023 18:30:38 GMT-0600 (Mountain Daylight Time)","607000","html-keyboard-response","6","352313","0.0-6.0-1.0","","null","","","<div class='trialBorder'><div class='vertical-center'><img style='vertical-align:center; align:center' src=img/fixation3.jpg></div></div>","null","","","","","","","",""
"","","","offer","63f58712a2c1bd62fa7bb352","bdp_sd","Mon Apr 03 2023 18:30:38 GMT-0600 (Mountain Daylight Time)","607000","html-keyboard-response","7","367191","0.0-6.0-2.0","","14875","","","<div class='trialBorder'><div class='vertical-center'><img style='vertical-align:center; align:center' src=img/fixation3.jpg></div><div class='cl'><div class='vertical-center'>$14<br>for<br>yourself</div></div><div class='cr'><div class='vertical-center'>$25<br>for<br>Jesus H</div></div><div class='respDivL'><div class='vertical-center'>(E)</div></div><div class='respDivR'><div class='vertical-center'>(I)</div></div></div>","I","$14<br>for<br>yourself","$25<br>for<br>3","0","14","25","3","OTHER",""
"","","","offerFB","63f58712a2c1bd62fa7bb352","bdp_sd","Mon Apr 03 2023 18:30:38 GMT-0600 (Mountain Daylight Time)","607000","html-keyboard-response","8","367443","0.0-6.0-3.0","","null","","","<div class='trialBorder'><div class='vertical-center'><img style='vertical-align:center; align:center' src=img/fixation3.jpg></div><div class='cl'><div class='vertical-center'>$14<br>for<br>yourself</div></div><div class='cr'><div class='vertical-center'><font style='color:orange'>$25<br>for<br>Jesus H</font></div></div><div class='respDivL'><div class='vertical-center'>(E)</div></div><div class='respDivR'><div class='vertical-center'><font style='color:orange'>(I)</font></div></div></div>","null","$14<br>for<br>yourself","$25<br>for<br>3","0","14","25","3","",""
"","","","FIX","63f58712a2c1bd62fa7bb352","bdp_sd","Mon Apr 03 2023 18:30:38 GMT-0600 (Mountain Daylight Time)","607000","html-keyboard-response","9","367944","0.0-6.0-1.1","","null","","","<div class='trialBorder'><div class='vertical-center'><img style='vertical-align:center; align:center' src=img/fixation3.jpg></div></div>","null","","","","","","","",""
"","","","offer","63f58712a2c1bd62fa7bb352","bdp_sd","Mon Apr 03 2023 18:30:38 GMT-0600 (Mountain Daylight Time)","607000","html-keyboard-response","10","372943","0.0-6.0-2.1","","4998","","","<div class='trialBorder'><div class='vertical-center'><img style='vertical-align:center; align:center' src=img/fixation3.jpg></div><div class='cl'><div class='vertical-center'>$25<br>for<br>yourself</div></div><div class='cr'><div class='vertical-center'>$60<br>for<br>Jesus H</div></div><div class='respDivL'><div class='vertical-center'>(E)</div></div><div class='respDivR'><div class='vertical-center'>(I)</div></div></div>","E","$25<br>for<br>yourself","$60<br>for<br>3","0","25","60","3","SELF",""
"","","","offerFB","63f58712a2c1bd62fa7bb352","bdp_sd","Mon Apr 03 2023 18:30:38 GMT-0600 (Mountain Daylight Time)","607000","html-keyboard-response","11","373195","0.0-6.0-3.1","","null","","","<div class='trialBorder'><div class='vertical-center'><img style='vertical-align:center; align:center' src=img/fixation3.jpg></div><div class='cl'><div class='vertical-center'><font style='color:orange'>$25<br>for<br>yourself</font></div></div><div class='cr'><div class='vertical-center'>$60<br>for<br>Jesus H</div></div><div class='respDivL'><div class='vertical-center'><font style='color:orange'>(E)</font></div></div><div class='respDivR'><div class='vertical-center'>(I)</div></div></div>","null","$25<br>for<br>yourself","$60<br>for<br>3","0","25","60","3","",""
"","","","FIX","63f58712a2c1bd62fa7bb352","bdp_sd","Mon Apr 03 2023 18:30:38 GMT-0600 (Mountain Daylight Time)","607000","html-keyboard-response","12","373696","0.0-6.0-1.2","","null","","","<div class='trialBorder'><div class='vertical-center'><img style='vertical-align:center; align:center' src=img/fixation3.jpg></div></div>","null","","","","","","","",""
"","","","offer","63f58712a2c1bd62fa7bb352","bdp_sd","Mon Apr 03 2023 18:30:38 GMT-0600 (Mountain Daylight Time)","607000","html-keyboard-response","13","380441","0.0-6.0-2.2","","6745","","","<div class='trialBorder'><div class='vertical-center'><img style='vertical-align:center; align:center' src=img/fixation3.jpg></div><div class='cl'><div class='vertical-center'>$35<br>for<br>Starla T</div></div><div class='cr'><div class='vertical-center'>$34<br>for<br>yourself</div></div><div class='respDivL'><div class='vertical-center'>(E)</div></div><div class='respDivR'><div class='vertical-center'>(I)</div></div></div>","I","$34<br>for<br>yourself","$35<br>for<br>5","1","34","35","5","SELF",""
"","","","offerFB","63f58712a2c1bd62fa7bb352","bdp_sd","Mon Apr 03 2023 18:30:38 GMT-0600 (Mountain Daylight Time)","607000","html-keyboard-response","14","380691","0.0-6.0-3.2","","null","","","<div class='trialBorder'><div class='vertical-center'><img style='vertical-align:center; align:center' src=img/fixation3.jpg></div><div class='cl'><div class='vertical-center'>$35<br>for<br>Starla T</div></div><div class='cr'><div class='vertical-center'><font style='color:orange'>$34<br>for<br>yourself</font></div></div><div class='respDivL'><div class='vertical-center'>(E)</div></div><div class='respDivR'><div class='vertical-center'><font style='color:orange'>(I)</font></div></div></div>","null","$34<br>for<br>yourself","$35<br>for<br>5","1","34","35","5","",""
"","","","FIX","63f58712a2c1bd62fa7bb352","bdp_sd","Mon Apr 03 2023 18:30:38 GMT-0600 (Mountain Daylight Time)","607000","html-keyboard-response","15","381193","0.0-6.0-1.3","","null","","","<div class='trialBorder'><div class='vertical-center'><img style='vertical-align:center; align:center' src=img/fixation3.jpg></div></div>","null","","","","","","","",""
"blur","16","387691","blurevent","63f58712a2c1bd62fa7bb352","bdp_sd","Mon Apr 03 2023 18:30:38 GMT-0600 (Mountain Daylight Time)","607000","","","","","","","","","","","","","","","","","","1"
"focus","16","395678","focusevent","63f58712a2c1bd62fa7bb352","bdp_sd","Mon Apr 03 2023 18:30:38 GMT-0600 (Mountain Daylight Time)","607000","","","","","","","","","","","","","","","","","",""
"blur","16","387691","offer","63f58712a2c1bd62fa7bb352","bdp_sd","Mon Apr 03 2023 18:30:38 GMT-0600 (Mountain Daylight Time)","607000","html-keyboard-response","16","402315","0.0-6.0-2.3","","21121","","","<div class='trialBorder'><div class='vertical-center'><img style='vertical-align:center; align:center' src=img/fixation3.jpg></div><div class='cl'><div class='vertical-center'>$15<br>for<br>yourself</div></div><div class='cr'><div class='vertical-center'>$35<br>for<br>Russel B</div></div><div class='respDivL'><div class='vertical-center'>(E)</div></div><div class='respDivR'><div class='vertical-center'>(I)</div></div></div>","I","$15<br>for<br>yourself","$35<br>for<br>2","0","15","35","2","OTHER","1"
"blur","16","387691","offerFB","63f58712a2c1bd62fa7bb352","bdp_sd","Mon Apr 03 2023 18:30:38 GMT-0600 (Mountain Daylight Time)","607000","html-keyboard-response","17","402566","0.0-6.0-3.3","","null","","","<div class='trialBorder'><div class='vertical-center'><img style='vertical-align:center; align:center' src=img/fixation3.jpg></div><div class='cl'><div class='vertical-center'>$15<br>for<br>yourself</div></div><div class='cr'><div class='vertical-center'><font style='color:orange'>$35<br>for<br>Russel B</font></div></div><div class='respDivL'><div class='vertical-center'>(E)</div></div><div class='respDivR'><div class='vertical-center'><font style='color:orange'>(I)</font></div></div></div>","null","$15<br>for<br>yourself","$35<br>for<br>2","0","15","35","2","","1"
"","","","blurwarn","63f58712a2c1bd62fa7bb352","bdp_sd","Mon Apr 03 2023 18:30:38 GMT-0600 (Mountain Daylight Time)","607000","image-keyboard-response","18","407724","0.0-6.0-0.4-0.4","","5156","","","","49","","","","","","","","1"
"","","","FIX","63f58712a2c1bd62fa7bb352","bdp_sd","Mon Apr 03 2023 18:30:38 GMT-0600 (Mountain Daylight Time)","607000","html-keyboard-response","19","408474","0.0-6.0-1.4","","null","","","<div class='trialBorder'><div class='vertical-center'><img style='vertical-align:center; align:center' src=img/fixation3.jpg></div></div>","null","","","","","","","",""
"","","","offer","63f58712a2c1bd62fa7bb352","bdp_sd","Mon Apr 03 2023 18:30:38 GMT-0600 (Mountain Daylight Time)","607000","html-keyboard-response","20","414372","0.0-6.0-2.4","","5897","","","<div class='trialBorder'><div class='vertical-center'><img style='vertical-align:center; align:center' src=img/fixation3.jpg></div><div class='cl'><div class='vertical-center'>$78<br>for<br>yourself</div></div><div class='cr'><div class='vertical-center'>$80<br>for<br>Starla T</div></div><div class='respDivL'><div class='vertical-center'>(E)</div></div><div class='respDivR'><div class='vertical-center'>(I)</div></div></div>","E","$78<br>for<br>yourself","$80<br>for<br>5","0","78","80","5","SELF",""
"","","","offerFB","63f58712a2c1bd62fa7bb352","bdp_sd","Mon Apr 03 2023 18:30:38 GMT-0600 (Mountain Daylight Time)","607000","html-keyboard-response","21","414624","0.0-6.0-3.4","","null","","","<div class='trialBorder'><div class='vertical-center'><img style='vertical-align:center; align:center' src=img/fixation3.jpg></div><div class='cl'><div class='vertical-center'><font style='color:orange'>$78<br>for<br>yourself</font></div></div><div class='cr'><div class='vertical-center'>$80<br>for<br>Starla T</div></div><div class='respDivL'><div class='vertical-center'><font style='color:orange'>(E)</font></div></div><div class='respDivR'><div class='vertical-center'>(I)</div></div></div>","null","$78<br>for<br>yourself","$80<br>for<br>5","0","78","80","5","",""
"","","","FIX","63f58712a2c1bd62fa7bb352","bdp_sd","Mon Apr 03 2023 18:30:38 GMT-0600 (Mountain Daylight Time)","607000","html-keyboard-response","22","415125","0.0-6.0-1.5","","null","","","<div class='trialBorder'><div class='vertical-center'><img style='vertical-align:center; align:center' src=img/fixation3.jpg></div></div>","null","","","","","","","",""
"","","","offer","63f58712a2c1bd62fa7bb352","bdp_sd","Mon Apr 03 2023 18:30:38 GMT-0600 (Mountain Daylight Time)","607000","html-keyboard-response","23","419677","0.0-6.0-2.5","","4552","","","<div class='trialBorder'><div class='vertical-center'><img style='vertical-align:center; align:center' src=img/fixation3.jpg></div><div class='cl'><div class='vertical-center'>$25<br>for<br>John B</div></div><div class='cr'><div class='vertical-center'>$19<br>for<br>yourself</div></div><div class='respDivL'><div class='vertical-center'>(E)</div></div><div class='respDivR'><div class='vertical-center'>(I)</div></div></div>","E","$19<br>for<br>yourself","$25<br>for<br>4","1","19","25","4","OTHER",""
"","","","offerFB","63f58712a2c1bd62fa7bb352","bdp_sd","Mon Apr 03 2023 18:30:38 GMT-0600 (Mountain Daylight Time)","607000","html-keyboard-response","24","419929","0.0-6.0-3.5","","null","","","<div class='trialBorder'><div class='vertical-center'><img style='vertical-align:center; align:center' src=img/fixation3.jpg></div><div class='cl'><div class='vertical-center'><font style='color:orange'>$25<br>for<br>John B</font></div></div><div class='cr'><div class='vertical-center'>$19<br>for<br>yourself</div></div><div class='respDivL'><div class='vertical-center'><font style='color:orange'>(E)</font></div></div><div class='respDivR'><div class='vertical-center'>(I)</div></div></div>","null","$19<br>for<br>yourself","$25<br>for<br>4","1","19","25","4","",""
"","","","FIX","63f58712a2c1bd62fa7bb352","bdp_sd","Mon Apr 03 2023 18:30:38 GMT-0600 (Mountain Daylight Time)","607000","html-keyboard-response","25","420431","0.0-6.0-1.6","","null","","","<div class='trialBorder'><div class='vertical-center'><img style='vertical-align:center; align:center' src=img/fixation3.jpg></div></div>","null","","","","","","","",""
"","","","offer","63f58712a2c1bd62fa7bb352","bdp_sd","Mon Apr 03 2023 18:30:38 GMT-0600 (Mountain Daylight Time)","607000","html-keyboard-response","26","429943","0.0-6.0-2.6","","9510","","","<div class='trialBorder'><div class='vertical-center'><img style='vertical-align:center; align:center' src=img/fixation3.jpg></div><div class='cl'><div class='vertical-center'>$75<br>for<br>Jesus H</div></div><div class='cr'><div class='vertical-center'>$41<br>for<br>yourself</div></div><div class='respDivL'><div class='vertical-center'>(E)</div></div><div class='respDivR'><div class='vertical-center'>(I)</div></div></div>","I","$41<br>for<br>yourself","$75<br>for<br>3","1","41","75","3","SELF",""
"","","","offerFB","63f58712a2c1bd62fa7bb352","bdp_sd","Mon Apr 03 2023 18:30:38 GMT-0600 (Mountain Daylight Time)","607000","html-keyboard-response","27","430194","0.0-6.0-3.6","","null","","","<div class='trialBorder'><div class='vertical-center'><img style='vertical-align:center; align:center' src=img/fixation3.jpg></div><div class='cl'><div class='vertical-center'>$75<br>for<br>Jesus H</div></div><div class='cr'><div class='vertical-center'><font style='color:orange'>$41<br>for<br>yourself</font></div></div><div class='respDivL'><div class='vertical-center'>(E)</div></div><div class='respDivR'><div class='vertical-center'><font style='color:orange'>(I)</font></div></div></div>","null","$41<br>for<br>yourself","$75<br>for<br>3","1","41","75","3","",""
"","","","FIX","63f58712a2c1bd62fa7bb352","bdp_sd","Mon Apr 03 2023 18:30:38 GMT-0600 (Mountain Daylight Time)","607000","html-keyboard-response","28","430695","0.0-6.0-1.7","","null","","","<div class='trialBorder'><div class='vertical-center'><img style='vertical-align:center; align:center' src=img/fixation3.jpg></div></div>","null","","","","","","","",""
"","","","offer","63f58712a2c1bd62fa7bb352","bdp_sd","Mon Apr 03 2023 18:30:38 GMT-0600 (Mountain Daylight Time)","607000","html-keyboard-response","29","441079","0.0-6.0-2.7","","10384","","","<div class='trialBorder'><div class='vertical-center'><img style='vertical-align:center; align:center' src=img/fixation3.jpg></div><div class='cl'><div class='vertical-center'>$47<br>for<br>yourself</div></div><div class='cr'><div class='vertical-center'>$50<br>for<br>Starla T</div></div><div class='respDivL'><div class='vertical-center'>(E)</div></div><div class='respDivR'><div class='vertical-center'>(I)</div></div></div>","I","$47<br>for<br>yourself","$50<br>for<br>5","0","47","50","5","OTHER",""
"","","","offerFB","63f58712a2c1bd62fa7bb352","bdp_sd","Mon Apr 03 2023 18:30:38 GMT-0600 (Mountain Daylight Time)","607000","html-keyboard-response","30","441331","0.0-6.0-3.7","","null","","","<div class='trialBorder'><div class='vertical-center'><img style='vertical-align:center; align:center' src=img/fixation3.jpg></div><div class='cl'><div class='vertical-center'>$47<br>for<br>yourself</div></div><div class='cr'><div class='vertical-center'><font style='color:orange'>$50<br>for<br>Starla T</font></div></div><div class='respDivL'><div class='vertical-center'>(E)</div></div><div class='respDivR'><div class='vertical-center'><font style='color:orange'>(I)</font></div></div></div>","null","$47<br>for<br>yourself","$50<br>for<br>5","0","47","50","5","",""
"","","","FIX","63f58712a2c1bd62fa7bb352","bdp_sd","Mon Apr 03 2023 18:30:38 GMT-0600 (Mountain Daylight Time)","607000","html-keyboard-response","31","441831","0.0-6.0-1.8","","null","","","<div class='trialBorder'><div class='vertical-center'><img style='vertical-align:center; align:center' src=img/fixation3.jpg></div></div>","null","","","","","","","",""
"","","","offer","63f58712a2c1bd62fa7bb352","bdp_sd","Mon Apr 03 2023 18:30:38 GMT-0600 (Mountain Daylight Time)","607000","html-keyboard-response","32","447160","0.0-6.0-2.8","","5328","","","<div class='trialBorder'><div class='vertical-center'><img style='vertical-align:center; align:center' src=img/fixation3.jpg></div><div class='cl'><div class='vertical-center'>$55<br>for<br>John B</div></div><div class='cr'><div class='vertical-center'>$40<br>for<br>yourself</div></div><div class='respDivL'><div class='vertical-center'>(E)</div></div><div class='respDivR'><div class='vertical-center'>(I)</div></div></div>","E","$40<br>for<br>yourself","$55<br>for<br>4","1","40","55","4","OTHER",""
"","","","offerFB","63f58712a2c1bd62fa7bb352","bdp_sd","Mon Apr 03 2023 18:30:38 GMT-0600 (Mountain Daylight Time)","607000","html-keyboard-response","33","447412","0.0-6.0-3.8","","null","","","<div class='trialBorder'><div class='vertical-center'><img style='vertical-align:center; align:center' src=img/fixation3.jpg></div><div class='cl'><div class='vertical-center'><font style='color:orange'>$55<br>for<br>John B</font></div></div><div class='cr'><div class='vertical-center'>$40<br>for<br>yourself</div></div><div class='respDivL'><div class='vertical-center'><font style='color:orange'>(E)</font></div></div><div class='respDivR'><div class='vertical-center'>(I)</div></div></div>","null","$40<br>for<br>yourself","$55<br>for<br>4","1","40","55","4","",""
"","","","FIX","63f58712a2c1bd62fa7bb352","bdp_sd","Mon Apr 03 2023 18:30:38 GMT-0600 (Mountain Daylight Time)","607000","html-keyboard-response","34","447912","0.0-6.0-1.9","","null","","","<div class='trialBorder'><div class='vertical-center'><img style='vertical-align:center; align:center' src=img/fixation3.jpg></div></div>","null","","","","","","","",""
"","","","offer","63f58712a2c1bd62fa7bb352","bdp_sd","Mon Apr 03 2023 18:30:38 GMT-0600 (Mountain Daylight Time)","607000","html-keyboard-response","35","456377","0.0-6.0-2.9","","8465","","","<div class='trialBorder'><div class='vertical-center'><img style='vertical-align:center; align:center' src=img/fixation3.jpg></div><div class='cl'><div class='vertical-center'>$34<br>for<br>yourself</div></div><div class='cr'><div class='vertical-center'>$50<br>for<br>John B</div></div><div class='respDivL'><div class='vertical-center'>(E)</div></div><div class='respDivR'><div class='vertical-center'>(I)</div></div></div>","I","$34<br>for<br>yourself","$50<br>for<br>4","0","34","50","4","OTHER",""
"","","","offerFB","63f58712a2c1bd62fa7bb352","bdp_sd","Mon Apr 03 2023 18:30:38 GMT-0600 (Mountain Daylight Time)","607000","html-keyboard-response","36","456629","0.0-6.0-3.9","","null","","","<div class='trialBorder'><div class='vertical-center'><img style='vertical-align:center; align:center' src=img/fixation3.jpg></div><div class='cl'><div class='vertical-center'>$34<br>for<br>yourself</div></div><div class='cr'><div class='vertical-center'><font style='color:orange'>$50<br>for<br>John B</font></div></div><div class='respDivL'><div class='vertical-center'>(E)</div></div><div class='respDivR'><div class='vertical-center'><font style='color:orange'>(I)</font></div></div></div>","null","$34<br>for<br>yourself","$50<br>for<br>4","0","34","50","4","",""
"","","","FIX","63f58712a2c1bd62fa7bb352","bdp_sd","Mon Apr 03 2023 18:30:38 GMT-0600 (Mountain Daylight Time)","607000","html-keyboard-response","37","457129","0.0-6.0-1.10","","null","","","<div class='trialBorder'><div class='vertical-center'><img style='vertical-align:center; align:center' src=img/fixation3.jpg></div></div>","null","","","","","","","",""
"","","","offer","63f58712a2c1bd62fa7bb352","bdp_sd","Mon Apr 03 2023 18:30:38 GMT-0600 (Mountain Daylight Time)","607000","html-keyboard-response","38","464450","0.0-6.0-2.10","","7320","","","<div class='trialBorder'><div class='vertical-center'><img style='vertical-align:center; align:center' src=img/fixation3.jpg></div><div class='cl'><div class='vertical-center'>$67<br>for<br>yourself</div></div><div class='cr'><div class='vertical-center'>$75<br>for<br>Starla T</div></div><div class='respDivL'><div class='vertical-center'>(E)</div></div><div class='respDivR'><div class='vertical-center'>(I)</div></div></div>","E","$67<br>for<br>yourself","$75<br>for<br>5","0","67","75","5","SELF",""
"","","","offerFB","63f58712a2c1bd62fa7bb352","bdp_sd","Mon Apr 03 2023 18:30:38 GMT-0600 (Mountain Daylight Time)","607000","html-keyboard-response","39","464701","0.0-6.0-3.10","","null","","","<div class='trialBorder'><div class='vertical-center'><img style='vertical-align:center; align:center' src=img/fixation3.jpg></div><div class='cl'><div class='vertical-center'><font style='color:orange'>$67<br>for<br>yourself</font></div></div><div class='cr'><div class='vertical-center'>$75<br>for<br>Starla T</div></div><div class='respDivL'><div class='vertical-center'><font style='color:orange'>(E)</font></div></div><div class='respDivR'><div class='vertical-center'>(I)</div></div></div>","null","$67<br>for<br>yourself","$75<br>for<br>5","0","67","75","5","",""
"","","","FIX","63f58712a2c1bd62fa7bb352","bdp_sd","Mon Apr 03 2023 18:30:38 GMT-0600 (Mountain Daylight Time)","607000","html-keyboard-response","40","465202","0.0-6.0-1.11","","null","","","<div class='trialBorder'><div class='vertical-center'><img style='vertical-align:center; align:center' src=img/fixation3.jpg></div></div>","null","","","","","","","",""
"","","","offer","63f58712a2c1bd62fa7bb352","bdp_sd","Mon Apr 03 2023 18:30:38 GMT-0600 (Mountain Daylight Time)","607000","html-keyboard-response","41","473836","0.0-6.0-2.11","","8633","","","<div class='trialBorder'><div class='vertical-center'><img style='vertical-align:center; align:center' src=img/fixation3.jpg></div><div class='cl'><div class='vertical-center'>$80<br>for<br>Russel B</div></div><div class='cr'><div class='vertical-center'>$33<br>for<br>yourself</div></div><div class='respDivL'><div class='vertical-center'>(E)</div></div><div class='respDivR'><div class='vertical-center'>(I)</div></div></div>","E","$33<br>for<br>yourself","$80<br>for<br>2","1","33","80","2","OTHER",""
"","","","offerFB","63f58712a2c1bd62fa7bb352","bdp_sd","Mon Apr 03 2023 18:30:38 GMT-0600 (Mountain Daylight Time)","607000","html-keyboard-response","42","474088","0.0-6.0-3.11","","null","","","<div class='trialBorder'><div class='vertical-center'><img style='vertical-align:center; align:center' src=img/fixation3.jpg></div><div class='cl'><div class='vertical-center'><font style='color:orange'>$80<br>for<br>Russel B</font></div></div><div class='cr'><div class='vertical-center'>$33<br>for<br>yourself</div></div><div class='respDivL'><div class='vertical-center'><font style='color:orange'>(E)</font></div></div><div class='respDivR'><div class='vertical-center'>(I)</div></div></div>","null","$33<br>for<br>yourself","$80<br>for<br>2","1","33","80","2","",""
"","","","FIX","63f58712a2c1bd62fa7bb352","bdp_sd","Mon Apr 03 2023 18:30:38 GMT-0600 (Mountain Daylight Time)","607000","html-keyboard-response","43","474588","0.0-6.0-1.12","","null","","","<div class='trialBorder'><div class='vertical-center'><img style='vertical-align:center; align:center' src=img/fixation3.jpg></div></div>","null","","","","","","","",""
"","","","offer","63f58712a2c1bd62fa7bb352","bdp_sd","Mon Apr 03 2023 18:30:38 GMT-0600 (Mountain Daylight Time)","607000","html-keyboard-response","44","478924","0.0-6.0-2.12","","4336","","","<div class='trialBorder'><div class='vertical-center'><img style='vertical-align:center; align:center' src=img/fixation3.jpg></div><div class='cl'><div class='vertical-center'>$50<br>for<br>Jesus H</div></div><div class='cr'><div class='vertical-center'>$27<br>for<br>yourself</div></div><div class='respDivL'><div class='vertical-center'>(E)</div></div><div class='respDivR'><div class='vertical-center'>(I)</div></div></div>","E","$27<br>for<br>yourself","$50<br>for<br>3","1","27","50","3","OTHER",""
"","","","offerFB","63f58712a2c1bd62fa7bb352","bdp_sd","Mon Apr 03 2023 18:30:38 GMT-0600 (Mountain Daylight Time)","607000","html-keyboard-response","45","479174","0.0-6.0-3.12","","null","","","<div class='trialBorder'><div class='vertical-center'><img style='vertical-align:center; align:center' src=img/fixation3.jpg></div><div class='cl'><div class='vertical-center'><font style='color:orange'>$50<br>for<br>Jesus H</font></div></div><div class='cr'><div class='vertical-center'>$27<br>for<br>yourself</div></div><div class='respDivL'><div class='vertical-center'><font style='color:orange'>(E)</font></div></div><div class='respDivR'><div class='vertical-center'>(I)</div></div></div>","null","$27<br>for<br>yourself","$50<br>for<br>3","1","27","50","3","",""
"","","","FIX","63f58712a2c1bd62fa7bb352","bdp_sd","Mon Apr 03 2023 18:30:38 GMT-0600 (Mountain Daylight Time)","607000","html-keyboard-response","46","479675","0.0-6.0-1.13","","null","","","<div class='trialBorder'><div class='vertical-center'><img style='vertical-align:center; align:center' src=img/fixation3.jpg></div></div>","null","","","","","","","",""
"","","","offer","63f58712a2c1bd62fa7bb352","bdp_sd","Mon Apr 03 2023 18:30:38 GMT-0600 (Mountain Daylight Time)","607000","html-keyboard-response","47","486389","0.0-6.0-2.13","","6713","","","<div class='trialBorder'><div class='vertical-center'><img style='vertical-align:center; align:center' src=img/fixation3.jpg></div><div class='cl'><div class='vertical-center'>$55<br>for<br>Starla T</div></div><div class='cr'><div class='vertical-center'>$54<br>for<br>yourself</div></div><div class='respDivL'><div class='vertical-center'>(E)</div></div><div class='respDivR'><div class='vertical-center'>(I)</div></div></div>","I","$54<br>for<br>yourself","$55<br>for<br>5","1","54","55","5","SELF",""
"","","","offerFB","63f58712a2c1bd62fa7bb352","bdp_sd","Mon Apr 03 2023 18:30:38 GMT-0600 (Mountain Daylight Time)","607000","html-keyboard-response","48","486640","0.0-6.0-3.13","","null","","","<div class='trialBorder'><div class='vertical-center'><img style='vertical-align:center; align:center' src=img/fixation3.jpg></div><div class='cl'><div class='vertical-center'>$55<br>for<br>Starla T</div></div><div class='cr'><div class='vertical-center'><font style='color:orange'>$54<br>for<br>yourself</font></div></div><div class='respDivL'><div class='vertical-center'>(E)</div></div><div class='respDivR'><div class='vertical-center'><font style='color:orange'>(I)</font></div></div></div>","null","$54<br>for<br>yourself","$55<br>for<br>5","1","54","55","5","",""
"","","","FIX","63f58712a2c1bd62fa7bb352","bdp_sd","Mon Apr 03 2023 18:30:38 GMT-0600 (Mountain Daylight Time)","607000","html-keyboard-response","49","487141","0.0-6.0-1.14","","null","","","<div class='trialBorder'><div class='vertical-center'><img style='vertical-align:center; align:center' src=img/fixation3.jpg></div></div>","null","","","","","","","",""
"","","","offer","63f58712a2c1bd62fa7bb352","bdp_sd","Mon Apr 03 2023 18:30:38 GMT-0600 (Mountain Daylight Time)","607000","html-keyboard-response","50","500215","0.0-6.0-2.14","","13073","","","<div class='trialBorder'><div class='vertical-center'><img style='vertical-align:center; align:center' src=img/fixation3.jpg></div><div class='cl'><div class='vertical-center'>$24<br>for<br>yourself</div></div><div class='cr'><div class='vertical-center'>$35<br>for<br>Jesus H</div></div><div class='respDivL'><div class='vertical-center'>(E)</div></div><div class='respDivR'><div class='vertical-center'>(I)</div></div></div>","I","$24<br>for<br>yourself","$35<br>for<br>3","0","24","35","3","OTHER",""
"","","","offerFB","63f58712a2c1bd62fa7bb352","bdp_sd","Mon Apr 03 2023 18:30:38 GMT-0600 (Mountain Daylight Time)","607000","html-keyboard-response","51","500465","0.0-6.0-3.14","","null","","","<div class='trialBorder'><div class='vertical-center'><img style='vertical-align:center; align:center' src=img/fixation3.jpg></div><div class='cl'><div class='vertical-center'>$24<br>for<br>yourself</div></div><div class='cr'><div class='vertical-center'><font style='color:orange'>$35<br>for<br>Jesus H</font></div></div><div class='respDivL'><div class='vertical-center'>(E)</div></div><div class='respDivR'><div class='vertical-center'><font style='color:orange'>(I)</font></div></div></div>","null","$24<br>for<br>yourself","$35<br>for<br>3","0","24","35","3","",""
"","","","FIX","63f58712a2c1bd62fa7bb352","bdp_sd","Mon Apr 03 2023 18:30:38 GMT-0600 (Mountain Daylight Time)","607000","html-keyboard-response","52","500967","0.0-6.0-1.15","","null","","","<div class='trialBorder'><div class='vertical-center'><img style='vertical-align:center; align:center' src=img/fixation3.jpg></div></div>","null","","","","","","","",""
"","","","offer","63f58712a2c1bd62fa7bb352","bdp_sd","Mon Apr 03 2023 18:30:38 GMT-0600 (Mountain Daylight Time)","607000","html-keyboard-response","53","506055","0.0-6.0-2.15","","5088","","","<div class='trialBorder'><div class='vertical-center'><img style='vertical-align:center; align:center' src=img/fixation3.jpg></div><div class='cl'><div class='vertical-center'>$30<br>for<br>Russel B</div></div><div class='cr'><div class='vertical-center'>$11<br>for<br>yourself</div></div><div class='respDivL'><div class='vertical-center'>(E)</div></div><div class='respDivR'><div class='vertical-center'>(I)</div></div></div>","I","$11<br>for<br>yourself","$30<br>for<br>2","1","11","30","2","SELF",""
"","","","offerFB","63f58712a2c1bd62fa7bb352","bdp_sd","Mon Apr 03 2023 18:30:38 GMT-0600 (Mountain Daylight Time)","607000","html-keyboard-response","54","506307","0.0-6.0-3.15","","null","","","<div class='trialBorder'><div class='vertical-center'><img style='vertical-align:center; align:center' src=img/fixation3.jpg></div><div class='cl'><div class='vertical-center'>$30<br>for<br>Russel B</div></div><div class='cr'><div class='vertical-center'><font style='color:orange'>$11<br>for<br>yourself</font></div></div><div class='respDivL'><div class='vertical-center'>(E)</div></div><div class='respDivR'><div class='vertical-center'><font style='color:orange'>(I)</font></div></div></div>","null","$11<br>for<br>yourself","$30<br>for<br>2","1","11","30","2","",""
"","","","FIX","63f58712a2c1bd62fa7bb352","bdp_sd","Mon Apr 03 2023 18:30:38 GMT-0600 (Mountain Daylight Time)","607000","html-keyboard-response","55","506808","0.0-6.0-1.16","","null","","","<div class='trialBorder'><div class='vertical-center'><img style='vertical-align:center; align:center' src=img/fixation3.jpg></div></div>","null","","","","","","","",""
"","","","offer","63f58712a2c1bd62fa7bb352","bdp_sd","Mon Apr 03 2023 18:30:38 GMT-0600 (Mountain Daylight Time)","607000","html-keyboard-response","56","516049","0.0-6.0-2.16","","9241","","","<div class='trialBorder'><div class='vertical-center'><img style='vertical-align:center; align:center' src=img/fixation3.jpg></div><div class='cl'><div class='vertical-center'>$28<br>for<br>yourself</div></div><div class='cr'><div class='vertical-center'>$30<br>for<br>Starla T</div></div><div class='respDivL'><div class='vertical-center'>(E)</div></div><div class='respDivR'><div class='vertical-center'>(I)</div></div></div>","E","$28<br>for<br>yourself","$30<br>for<br>5","0","28","30","5","SELF",""
"","","","offerFB","63f58712a2c1bd62fa7bb352","bdp_sd","Mon Apr 03 2023 18:30:38 GMT-0600 (Mountain Daylight Time)","607000","html-keyboard-response","57","516300","0.0-6.0-3.16","","null","","","<div class='trialBorder'><div class='vertical-center'><img style='vertical-align:center; align:center' src=img/fixation3.jpg></div><div class='cl'><div class='vertical-center'><font style='color:orange'>$28<br>for<br>yourself</font></div></div><div class='cr'><div class='vertical-center'>$30<br>for<br>Starla T</div></div><div class='respDivL'><div class='vertical-center'><font style='color:orange'>(E)</font></div></div><div class='respDivR'><div class='vertical-center'>(I)</div></div></div>","null","$28<br>for<br>yourself","$30<br>for<br>5","0","28","30","5","",""
"","","","FIX","63f58712a2c1bd62fa7bb352","bdp_sd","Mon Apr 03 2023 18:30:38 GMT-0600 (Mountain Daylight Time)","607000","html-keyboard-response","58","516801","0.0-6.0-1.17","","null","","","<div class='trialBorder'><div class='vertical-center'><img style='vertical-align:center; align:center' src=img/fixation3.jpg></div></div>","null","","","","","","","",""
"","","","offer","63f58712a2c1bd62fa7bb352","bdp_sd","Mon Apr 03 2023 18:30:38 GMT-0600 (Mountain Daylight Time)","607000","html-keyboard-response","59","524297","0.0-6.0-2.17","","7496","","","<div class='trialBorder'><div class='vertical-center'><img style='vertical-align:center; align:center' src=img/fixation3.jpg></div><div class='cl'><div class='vertical-center'>$75<br>for<br>John B</div></div><div class='cr'><div class='vertical-center'>$55<br>for<br>yourself</div></div><div class='respDivL'><div class='vertical-center'>(E)</div></div><div class='respDivR'><div class='vertical-center'>(I)</div></div></div>","E","$55<br>for<br>yourself","$75<br>for<br>4","1","55","75","4","OTHER",""
"","","","offerFB","63f58712a2c1bd62fa7bb352","bdp_sd","Mon Apr 03 2023 18:30:38 GMT-0600 (Mountain Daylight Time)","607000","html-keyboard-response","60","524549","0.0-6.0-3.17","","null","","","<div class='trialBorder'><div class='vertical-center'><img style='vertical-align:center; align:center' src=img/fixation3.jpg></div><div class='cl'><div class='vertical-center'><font style='color:orange'>$75<br>for<br>John B</font></div></div><div class='cr'><div class='vertical-center'>$55<br>for<br>yourself</div></div><div class='respDivL'><div class='vertical-center'><font style='color:orange'>(E)</font></div></div><div class='respDivR'><div class='vertical-center'>(I)</div></div></div>","null","$55<br>for<br>yourself","$75<br>for<br>4","1","55","75","4","",""
"","","","FIX","63f58712a2c1bd62fa7bb352","bdp_sd","Mon Apr 03 2023 18:30:38 GMT-0600 (Mountain Daylight Time)","607000","html-keyboard-response","61","525050","0.0-6.0-1.18","","null","","","<div class='trialBorder'><div class='vertical-center'><img style='vertical-align:center; align:center' src=img/fixation3.jpg></div></div>","null","","","","","","","",""
"","","","offer","63f58712a2c1bd62fa7bb352","bdp_sd","Mon Apr 03 2023 18:30:38 GMT-0600 (Mountain Daylight Time)","607000","html-keyboard-response","62","539860","0.0-6.0-2.18","","14809","","","<div class='trialBorder'><div class='vertical-center'><img style='vertical-align:center; align:center' src=img/fixation3.jpg></div><div class='cl'><div class='vertical-center'>$60<br>for<br>John B</div></div><div class='cr'><div class='vertical-center'>$49<br>for<br>yourself</div></div><div class='respDivL'><div class='vertical-center'>(E)</div></div><div class='respDivR'><div class='vertical-center'>(I)</div></div></div>","I","$49<br>for<br>yourself","$60<br>for<br>4","1","49","60","4","SELF",""
"","","","offerFB","63f58712a2c1bd62fa7bb352","bdp_sd","Mon Apr 03 2023 18:30:38 GMT-0600 (Mountain Daylight Time)","607000","html-keyboard-response","63","540110","0.0-6.0-3.18","","null","","","<div class='trialBorder'><div class='vertical-center'><img style='vertical-align:center; align:center' src=img/fixation3.jpg></div><div class='cl'><div class='vertical-center'>$60<br>for<br>John B</div></div><div class='cr'><div class='vertical-center'><font style='color:orange'>$49<br>for<br>yourself</font></div></div><div class='respDivL'><div class='vertical-center'>(E)</div></div><div class='respDivR'><div class='vertical-center'><font style='color:orange'>(I)</font></div></div></div>","null","$49<br>for<br>yourself","$60<br>for<br>4","1","49","60","4","",""
"","","","FIX","63f58712a2c1bd62fa7bb352","bdp_sd","Mon Apr 03 2023 18:30:38 GMT-0600 (Mountain Daylight Time)","607000","html-keyboard-response","64","540611","0.0-6.0-1.19","","null","","","<div class='trialBorder'><div class='vertical-center'><img style='vertical-align:center; align:center' src=img/fixation3.jpg></div></div>","null","","","","","","","",""
"","","","offer","63f58712a2c1bd62fa7bb352","bdp_sd","Mon Apr 03 2023 18:30:38 GMT-0600 (Mountain Daylight Time)","607000","html-keyboard-response","65","544764","0.0-6.0-2.19","","4152","","","<div class='trialBorder'><div class='vertical-center'><img style='vertical-align:center; align:center' src=img/fixation3.jpg></div><div class='cl'><div class='vertical-center'>$80<br>for<br>Jesus H</div></div><div class='cr'><div class='vertical-center'>$54<br>for<br>yourself</div></div><div class='respDivL'><div class='vertical-center'>(E)</div></div><div class='respDivR'><div class='vertical-center'>(I)</div></div></div>","I","$54<br>for<br>yourself","$80<br>for<br>3","1","54","80","3","SELF",""
"","","","offerFB","63f58712a2c1bd62fa7bb352","bdp_sd","Mon Apr 03 2023 18:30:38 GMT-0600 (Mountain Daylight Time)","607000","html-keyboard-response","66","545014","0.0-6.0-3.19","","null","","","<div class='trialBorder'><div class='vertical-center'><img style='vertical-align:center; align:center' src=img/fixation3.jpg></div><div class='cl'><div class='vertical-center'>$80<br>for<br>Jesus H</div></div><div class='cr'><div class='vertical-center'><font style='color:orange'>$54<br>for<br>yourself</font></div></div><div class='respDivL'><div class='vertical-center'>(E)</div></div><div class='respDivR'><div class='vertical-center'><font style='color:orange'>(I)</font></div></div></div>","null","$54<br>for<br>yourself","$80<br>for<br>3","1","54","80","3","",""
"","","","FIX","63f58712a2c1bd62fa7bb352","bdp_sd","Mon Apr 03 2023 18:30:38 GMT-0600 (Mountain Daylight Time)","607000","html-keyboard-response","67","545515","0.0-6.0-1.20","","null","","","<div class='trialBorder'><div class='vertical-center'><img style='vertical-align:center; align:center' src=img/fixation3.jpg></div></div>","null","","","","","","","",""
"","","","offer","63f58712a2c1bd62fa7bb352","bdp_sd","Mon Apr 03 2023 18:30:38 GMT-0600 (Mountain Daylight Time)","607000","html-keyboard-response","68","549436","0.0-6.0-2.20","","3921","","","<div class='trialBorder'><div class='vertical-center'><img style='vertical-align:center; align:center' src=img/fixation3.jpg></div><div class='cl'><div class='vertical-center'>$60<br>for<br>Starla T</div></div><div class='cr'><div class='vertical-center'>$54<br>for<br>yourself</div></div><div class='respDivL'><div class='vertical-center'>(E)</div></div><div class='respDivR'><div class='vertical-center'>(I)</div></div></div>","I","$54<br>for<br>yourself","$60<br>for<br>5","1","54","60","5","SELF",""
"","","","offerFB","63f58712a2c1bd62fa7bb352","bdp_sd","Mon Apr 03 2023 18:30:38 GMT-0600 (Mountain Daylight Time)","607000","html-keyboard-response","69","549688","0.0-6.0-3.20","","null","","","<div class='trialBorder'><div class='vertical-center'><img style='vertical-align:center; align:center' src=img/fixation3.jpg></div><div class='cl'><div class='vertical-center'>$60<br>for<br>Starla T</div></div><div class='cr'><div class='vertical-center'><font style='color:orange'>$54<br>for<br>yourself</font></div></div><div class='respDivL'><div class='vertical-center'>(E)</div></div><div class='respDivR'><div class='vertical-center'><font style='color:orange'>(I)</font></div></div></div>","null","$54<br>for<br>yourself","$60<br>for<br>5","1","54","60","5","",""
"","","","FIX","63f58712a2c1bd62fa7bb352","bdp_sd","Mon Apr 03 2023 18:30:38 GMT-0600 (Mountain Daylight Time)","607000","html-keyboard-response","70","550189","0.0-6.0-1.21","","null","","","<div class='trialBorder'><div class='vertical-center'><img style='vertical-align:center; align:center' src=img/fixation3.jpg></div></div>","null","","","","","","","",""
"","","","offer","63f58712a2c1bd62fa7bb352","bdp_sd","Mon Apr 03 2023 18:30:38 GMT-0600 (Mountain Daylight Time)","607000","html-keyboard-response","71","572174","0.0-6.0-2.21","","21985","","","<div class='trialBorder'><div class='vertical-center'><img style='vertical-align:center; align:center' src=img/fixation3.jpg></div><div class='cl'><div class='vertical-center'>$20<br>for<br>yourself</div></div><div class='cr'><div class='vertical-center'>$55<br>for<br>Mia T</div></div><div class='respDivL'><div class='vertical-center'>(E)</div></div><div class='respDivR'><div class='vertical-center'>(I)</div></div></div>","I","$20<br>for<br>yourself","$55<br>for<br>1","0","20","55","1","OTHER",""
"","","","offerFB","63f58712a2c1bd62fa7bb352","bdp_sd","Mon Apr 03 2023 18:30:38 GMT-0600 (Mountain Daylight Time)","607000","html-keyboard-response","72","572425","0.0-6.0-3.21","","null","","","<div class='trialBorder'><div class='vertical-center'><img style='vertical-align:center; align:center' src=img/fixation3.jpg></div><div class='cl'><div class='vertical-center'>$20<br>for<br>yourself</div></div><div class='cr'><div class='vertical-center'><font style='color:orange'>$55<br>for<br>Mia T</font></div></div><div class='respDivL'><div class='vertical-center'>(E)</div></div><div class='respDivR'><div class='vertical-center'><font style='color:orange'>(I)</font></div></div></div>","null","$20<br>for<br>yourself","$55<br>for<br>1","0","20","55","1","",""
"","","","FIX","63f58712a2c1bd62fa7bb352","bdp_sd","Mon Apr 03 2023 18:30:38 GMT-0600 (Mountain Daylight Time)","607000","html-keyboard-response","73","572926","0.0-6.0-1.22","","null","","","<div class='trialBorder'><div class='vertical-center'><img style='vertical-align:center; align:center' src=img/fixation3.jpg></div></div>","null","","","","","","","",""
"","","","offer","63f58712a2c1bd62fa7bb352","bdp_sd","Mon Apr 03 2023 18:30:38 GMT-0600 (Mountain Daylight Time)","607000","html-keyboard-response","74","578479","0.0-6.0-2.22","","5552","","","<div class='trialBorder'><div class='vertical-center'><img style='vertical-align:center; align:center' src=img/fixation3.jpg></div><div class='cl'><div class='vertical-center'>$80<br>for<br>yourself</div></div><div class='cr'><div class='vertical-center'>$85<br>for<br>Starla T</div></div><div class='respDivL'><div class='vertical-center'>(E)</div></div><div class='respDivR'><div class='vertical-center'>(I)</div></div></div>","E","$80<br>for<br>yourself","$85<br>for<br>5","0","80","85","5","SELF",""
"","","","offerFB","63f58712a2c1bd62fa7bb352","bdp_sd","Mon Apr 03 2023 18:30:38 GMT-0600 (Mountain Daylight Time)","607000","html-keyboard-response","75","578730","0.0-6.0-3.22","","null","","","<div class='trialBorder'><div class='vertical-center'><img style='vertical-align:center; align:center' src=img/fixation3.jpg></div><div class='cl'><div class='vertical-center'><font style='color:orange'>$80<br>for<br>yourself</font></div></div><div class='cr'><div class='vertical-center'>$85<br>for<br>Starla T</div></div><div class='respDivL'><div class='vertical-center'><font style='color:orange'>(E)</font></div></div><div class='respDivR'><div class='vertical-center'>(I)</div></div></div>","null","$80<br>for<br>yourself","$85<br>for<br>5","0","80","85","5","",""
"","","","FIX","63f58712a2c1bd62fa7bb352","bdp_sd","Mon Apr 03 2023 18:30:38 GMT-0600 (Mountain Daylight Time)","607000","html-keyboard-response","76","579230","0.0-6.0-1.23","","null","","","<div class='trialBorder'><div class='vertical-center'><img style='vertical-align:center; align:center' src=img/fixation3.jpg></div></div>","null","","","","","","","",""
"","","","offer","63f58712a2c1bd62fa7bb352","bdp_sd","Mon Apr 03 2023 18:30:38 GMT-0600 (Mountain Daylight Time)","607000","html-keyboard-response","77","584464","0.0-6.0-2.23","","5233","","","<div class='trialBorder'><div class='vertical-center'><img style='vertical-align:center; align:center' src=img/fixation3.jpg></div><div class='cl'><div class='vertical-center'>$25<br>for<br>yourself</div></div><div class='cr'><div class='vertical-center'>$30<br>for<br>John B</div></div><div class='respDivL'><div class='vertical-center'>(E)</div></div><div class='respDivR'><div class='vertical-center'>(I)</div></div></div>","I","$25<br>for<br>yourself","$30<br>for<br>4","0","25","30","4","OTHER",""
"","","","offerFB","63f58712a2c1bd62fa7bb352","bdp_sd","Mon Apr 03 2023 18:30:38 GMT-0600 (Mountain Daylight Time)","607000","html-keyboard-response","78","584715","0.0-6.0-3.23","","null","","","<div class='trialBorder'><div class='vertical-center'><img style='vertical-align:center; align:center' src=img/fixation3.jpg></div><div class='cl'><div class='vertical-center'>$25<br>for<br>yourself</div></div><div class='cr'><div class='vertical-center'><font style='color:orange'>$30<br>for<br>John B</font></div></div><div class='respDivL'><div class='vertical-center'>(E)</div></div><div class='respDivR'><div class='vertical-center'><font style='color:orange'>(I)</font></div></div></div>","null","$25<br>for<br>yourself","$30<br>for<br>4","0","25","30","4","",""
"","","","FIX","63f58712a2c1bd62fa7bb352","bdp_sd","Mon Apr 03 2023 18:30:38 GMT-0600 (Mountain Daylight Time)","607000","html-keyboard-response","79","585216","0.0-6.0-1.24","","null","","","<div class='trialBorder'><div class='vertical-center'><img style='vertical-align:center; align:center' src=img/fixation3.jpg></div></div>","null","","","","","","","",""
"","","","offer","63f58712a2c1bd62fa7bb352","bdp_sd","Mon Apr 03 2023 18:30:38 GMT-0600 (Mountain Daylight Time)","607000","html-keyboard-response","80","592145","0.0-6.0-2.24","","6929","","","<div class='trialBorder'><div class='vertical-center'><img style='vertical-align:center; align:center' src=img/fixation3.jpg></div><div class='cl'><div class='vertical-center'>$22<br>for<br>yourself</div></div><div class='cr'><div class='vertical-center'>$25<br>for<br>Starla T</div></div><div class='respDivL'><div class='vertical-center'>(E)</div></div><div class='respDivR'><div class='vertical-center'>(I)</div></div></div>","I","$22<br>for<br>yourself","$25<br>for<br>5","0","22","25","5","OTHER",""
"","","","offerFB","63f58712a2c1bd62fa7bb352","bdp_sd","Mon Apr 03 2023 18:30:38 GMT-0600 (Mountain Daylight Time)","607000","html-keyboard-response","81","592397","0.0-6.0-3.24","","null","","","<div class='trialBorder'><div class='vertical-center'><img style='vertical-align:center; align:center' src=img/fixation3.jpg></div><div class='cl'><div class='vertical-center'>$22<br>for<br>yourself</div></div><div class='cr'><div class='vertical-center'><font style='color:orange'>$25<br>for<br>Starla T</font></div></div><div class='respDivL'><div class='vertical-center'>(E)</div></div><div class='respDivR'><div class='vertical-center'><font style='color:orange'>(I)</font></div></div></div>","null","$22<br>for<br>yourself","$25<br>for<br>5","0","22","25","5","",""
"","","","FIX","63f58712a2c1bd62fa7bb352","bdp_sd","Mon Apr 03 2023 18:30:38 GMT-0600 (Mountain Daylight Time)","607000","html-keyboard-response","82","592897","0.0-6.0-1.25","","null","","","<div class='trialBorder'><div class='vertical-center'><img style='vertical-align:center; align:center' src=img/fixation3.jpg></div></div>","null","","","","","","","",""
"","","","offer","63f58712a2c1bd62fa7bb352","bdp_sd","Mon Apr 03 2023 18:30:38 GMT-0600 (Mountain Daylight Time)","607000","html-keyboard-response","83","600274","0.0-6.0-2.25","","7377","","","<div class='trialBorder'><div class='vertical-center'><img style='vertical-align:center; align:center' src=img/fixation3.jpg></div><div class='cl'><div class='vertical-center'>$31<br>for<br>yourself</div></div><div class='cr'><div class='vertical-center'>$85<br>for<br>Mia T</div></div><div class='respDivL'><div class='vertical-center'>(E)</div></div><div class='respDivR'><div class='vertical-center'>(I)</div></div></div>","I","$31<br>for<br>yourself","$85<br>for<br>1","0","31","85","1","OTHER",""
"","","","offerFB","63f58712a2c1bd62fa7bb352","bdp_sd","Mon Apr 03 2023 18:30:38 GMT-0600 (Mountain Daylight Time)","607000","html-keyboard-response","84","600525","0.0-6.0-3.25","","null","","","<div class='trialBorder'><div class='vertical-center'><img style='vertical-align:center; align:center' src=img/fixation3.jpg></div><div class='cl'><div class='vertical-center'>$31<br>for<br>yourself</div></div><div class='cr'><div class='vertical-center'><font style='color:orange'>$85<br>for<br>Mia T</font></div></div><div class='respDivL'><div class='vertical-center'>(E)</div></div><div class='respDivR'><div class='vertical-center'><font style='color:orange'>(I)</font></div></div></div>","null","$31<br>for<br>yourself","$85<br>for<br>1","0","31","85","1","",""
"","","","FIX","63f58712a2c1bd62fa7bb352","bdp_sd","Mon Apr 03 2023 18:30:38 GMT-0600 (Mountain Daylight Time)","607000","html-keyboard-response","85","601025","0.0-6.0-1.26","","null","","","<div class='trialBorder'><div class='vertical-center'><img style='vertical-align:center; align:center' src=img/fixation3.jpg></div></div>","null","","","","","","","",""
"","","","offer","63f58712a2c1bd62fa7bb352","bdp_sd","Mon Apr 03 2023 18:30:38 GMT-0600 (Mountain Daylight Time)","607000","html-keyboard-response","86","605746","0.0-6.0-2.26","","4721","","","<div class='trialBorder'><div class='vertical-center'><img style='vertical-align:center; align:center' src=img/fixation3.jpg></div><div class='cl'><div class='vertical-center'>$85<br>for<br>John B</div></div><div class='cr'><div class='vertical-center'>$69<br>for<br>yourself</div></div><div class='respDivL'><div class='vertical-center'>(E)</div></div><div class='respDivR'><div class='vertical-center'>(I)</div></div></div>","I","$69<br>for<br>yourself","$85<br>for<br>4","1","69","85","4","SELF",""
"","","","offerFB","63f58712a2c1bd62fa7bb352","bdp_sd","Mon Apr 03 2023 18:30:38 GMT-0600 (Mountain Daylight Time)","607000","html-keyboard-response","87","605999","0.0-6.0-3.26","","null","","","<div class='trialBorder'><div class='vertical-center'><img style='vertical-align:center; align:center' src=img/fixation3.jpg></div><div class='cl'><div class='vertical-center'>$85<br>for<br>John B</div></div><div class='cr'><div class='vertical-center'><font style='color:orange'>$69<br>for<br>yourself</font></div></div><div class='respDivL'><div class='vertical-center'>(E)</div></div><div class='respDivR'><div class='vertical-center'><font style='color:orange'>(I)</font></div></div></div>","null","$69<br>for<br>yourself","$85<br>for<br>4","1","69","85","4","",""
"fullscreenexit","88","606196","fullscreenexit","63f58712a2c1bd62fa7bb352","bdp_sd","Mon Apr 03 2023 18:30:38 GMT-0600 (Mountain Daylight Time)","607000","","","","","","","","","","","","","","","","","",""
"","","","","63f58712a2c1bd62fa7bb352","bdp_sd","Mon Apr 03 2023 18:30:38 GMT-0600 (Mountain Daylight Time)","607000","fullscreen","88","607000","0.0-7.0","","","","true","","","","","","","","","",""
"","","","","","","","","html-keyboard-response","89","607501","0.0-8.0","","null","","","","null","","","","","","","",""
