"trial_type","trial_index","time_elapsed","internal_node_id","subject_id","task","startTime","totalTime","event","trial","time","trialtype","numBlurs","view_history","rt","responses","success","stimulus","key_press","selfOffer","otherOffer","otherLeft","selfAmt","otherAmt","otherDist","chosen"
"pavlovia","0","8","0.0-0.0","610063614e6ba35532307dda","bdp_sd","Mon Mar 27 2023 14:38:52 GMT-0400 (Eastern Daylight Time)","372730","","","","","","","","","","","","","","","","","",""
"","","","","610063614e6ba35532307dda","bdp_sd","Mon Mar 27 2023 14:38:52 GMT-0400 (Eastern Daylight Time)","372730","blur","1","128399","blurevent","1","","","","","","","","","","","","",""
"","","","","610063614e6ba35532307dda","bdp_sd","Mon Mar 27 2023 14:38:52 GMT-0400 (Eastern Daylight Time)","372730","focus","1","146098","focusevent","","","","","","","","","","","","","",""
"instructions","1","166540","0.0-1.0","610063614e6ba35532307dda","bdp_sd","Mon Mar 27 2023 14:38:52 GMT-0400 (Eastern Daylight Time)","372730","","","","","","[{""page_index"":0,""viewing_time"":166531}]","166532","","","","","","","","","","",""
"survey-text","2","236013","0.0-2.0","610063614e6ba35532307dda","bdp_sd","Mon Mar 27 2023 14:38:52 GMT-0400 (Eastern Daylight Time)","372730","","","","","","","69471","{""Q0"":""Cole D"",""Q1"":""Cara R"",""Q2"":""Casey R"",""Q3"":""Jimmy M"",""Q4"":""Olivia M""}","","","","","","","","","",""
"","","","","610063614e6ba35532307dda","bdp_sd","Mon Mar 27 2023 14:38:52 GMT-0400 (Eastern Daylight Time)","372730","fullscreenenter","3","237655","fullscreenenter","","","","","","","","","","","","","",""
"fullscreen","3","238641","0.0-3.0","610063614e6ba35532307dda","bdp_sd","Mon Mar 27 2023 14:38:52 GMT-0400 (Eastern Daylight Time)","372730","","","","","","","","","true","","","","","","","","",""
"instructions","4","273261","0.0-5.0","610063614e6ba35532307dda","bdp_sd","Mon Mar 27 2023 14:38:52 GMT-0400 (Eastern Daylight Time)","372730","","","","","","[{""page_index"":0,""viewing_time"":7548},{""page_index"":1,""viewing_time"":17696},{""page_index"":2,""viewing_time"":9375}]","34619","","","","","","","","","","",""
"image-keyboard-response","5","285466","0.0-6.0-0.0-0.0","610063614e6ba35532307dda","bdp_sd","Mon Mar 27 2023 14:38:52 GMT-0400 (Eastern Daylight Time)","372730","","","","blurwarn","1","","12203","","","","49","","","","","","",""
"html-keyboard-response","6","286226","0.0-6.0-1.0","610063614e6ba35532307dda","bdp_sd","Mon Mar 27 2023 14:38:52 GMT-0400 (Eastern Daylight Time)","372730","","","","FIX","","","null","","","<div class='trialBorder'><div class='vertical-center'><img style='vertical-align:center; align:center' src=img/fixation3.jpg></div></div>","null","","","","","","",""
"html-keyboard-response","7","290784","0.0-6.0-2.0","610063614e6ba35532307dda","bdp_sd","Mon Mar 27 2023 14:38:52 GMT-0400 (Eastern Daylight Time)","372730","","","","offer","","","4555","","","<div class='trialBorder'><div class='vertical-center'><img style='vertical-align:center; align:center' src=img/fixation3.jpg></div><div class='cl'><div class='vertical-center'>$22<br>for<br>yourself</div></div><div class='cr'><div class='vertical-center'>$25<br>for<br>Olivia M</div></div><div class='respDivL'><div class='vertical-center'>(E)</div></div><div class='respDivR'><div class='vertical-center'>(I)</div></div></div>","E","$22<br>for<br>yourself","$25<br>for<br>5","0","22","25","5","SELF"
"html-keyboard-response","8","291039","0.0-6.0-3.0","610063614e6ba35532307dda","bdp_sd","Mon Mar 27 2023 14:38:52 GMT-0400 (Eastern Daylight Time)","372730","","","","offerFB","","","null","","","<div class='trialBorder'><div class='vertical-center'><img style='vertical-align:center; align:center' src=img/fixation3.jpg></div><div class='cl'><div class='vertical-center'><font style='color:orange'>$22<br>for<br>yourself</font></div></div><div class='cr'><div class='vertical-center'>$25<br>for<br>Olivia M</div></div><div class='respDivL'><div class='vertical-center'><font style='color:orange'>(E)</font></div></div><div class='respDivR'><div class='vertical-center'>(I)</div></div></div>","null","$22<br>for<br>yourself","$25<br>for<br>5","0","22","25","5",""
"html-keyboard-response","9","291544","0.0-6.0-1.1","610063614e6ba35532307dda","bdp_sd","Mon Mar 27 2023 14:38:52 GMT-0400 (Eastern Daylight Time)","372730","","","","FIX","","","null","","","<div class='trialBorder'><div class='vertical-center'><img style='vertical-align:center; align:center' src=img/fixation3.jpg></div></div>","null","","","","","","",""
"html-keyboard-response","10","294601","0.0-6.0-2.1","610063614e6ba35532307dda","bdp_sd","Mon Mar 27 2023 14:38:52 GMT-0400 (Eastern Daylight Time)","372730","","","","offer","","","3056","","","<div class='trialBorder'><div class='vertical-center'><img style='vertical-align:center; align:center' src=img/fixation3.jpg></div><div class='cl'><div class='vertical-center'>$27<br>for<br>yourself</div></div><div class='cr'><div class='vertical-center'>$50<br>for<br>Casey R</div></div><div class='respDivL'><div class='vertical-center'>(E)</div></div><div class='respDivR'><div class='vertical-center'>(I)</div></div></div>","I","$27<br>for<br>yourself","$50<br>for<br>3","0","27","50","3","OTHER"
"html-keyboard-response","11","294853","0.0-6.0-3.1","610063614e6ba35532307dda","bdp_sd","Mon Mar 27 2023 14:38:52 GMT-0400 (Eastern Daylight Time)","372730","","","","offerFB","","","null","","","<div class='trialBorder'><div class='vertical-center'><img style='vertical-align:center; align:center' src=img/fixation3.jpg></div><div class='cl'><div class='vertical-center'>$27<br>for<br>yourself</div></div><div class='cr'><div class='vertical-center'><font style='color:orange'>$50<br>for<br>Casey R</font></div></div><div class='respDivL'><div class='vertical-center'>(E)</div></div><div class='respDivR'><div class='vertical-center'><font style='color:orange'>(I)</font></div></div></div>","null","$27<br>for<br>yourself","$50<br>for<br>3","0","27","50","3",""
"html-keyboard-response","12","295358","0.0-6.0-1.2","610063614e6ba35532307dda","bdp_sd","Mon Mar 27 2023 14:38:52 GMT-0400 (Eastern Daylight Time)","372730","","","","FIX","","","null","","","<div class='trialBorder'><div class='vertical-center'><img style='vertical-align:center; align:center' src=img/fixation3.jpg></div></div>","null","","","","","","",""
"html-keyboard-response","13","300622","0.0-6.0-2.2","610063614e6ba35532307dda","bdp_sd","Mon Mar 27 2023 14:38:52 GMT-0400 (Eastern Daylight Time)","372730","","","","offer","","","5263","","","<div class='trialBorder'><div class='vertical-center'><img style='vertical-align:center; align:center' src=img/fixation3.jpg></div><div class='cl'><div class='vertical-center'>$80<br>for<br>Casey R</div></div><div class='cr'><div class='vertical-center'>$54<br>for<br>yourself</div></div><div class='respDivL'><div class='vertical-center'>(E)</div></div><div class='respDivR'><div class='vertical-center'>(I)</div></div></div>","I","$54<br>for<br>yourself","$80<br>for<br>3","1","54","80","3","SELF"
"html-keyboard-response","14","300879","0.0-6.0-3.2","610063614e6ba35532307dda","bdp_sd","Mon Mar 27 2023 14:38:52 GMT-0400 (Eastern Daylight Time)","372730","","","","offerFB","","","null","","","<div class='trialBorder'><div class='vertical-center'><img style='vertical-align:center; align:center' src=img/fixation3.jpg></div><div class='cl'><div class='vertical-center'>$80<br>for<br>Casey R</div></div><div class='cr'><div class='vertical-center'><font style='color:orange'>$54<br>for<br>yourself</font></div></div><div class='respDivL'><div class='vertical-center'>(E)</div></div><div class='respDivR'><div class='vertical-center'><font style='color:orange'>(I)</font></div></div></div>","null","$54<br>for<br>yourself","$80<br>for<br>3","1","54","80","3",""
"html-keyboard-response","15","301384","0.0-6.0-1.3","610063614e6ba35532307dda","bdp_sd","Mon Mar 27 2023 14:38:52 GMT-0400 (Eastern Daylight Time)","372730","","","","FIX","","","null","","","<div class='trialBorder'><div class='vertical-center'><img style='vertical-align:center; align:center' src=img/fixation3.jpg></div></div>","null","","","","","","",""
"html-keyboard-response","16","303557","0.0-6.0-2.3","610063614e6ba35532307dda","bdp_sd","Mon Mar 27 2023 14:38:52 GMT-0400 (Eastern Daylight Time)","372730","","","","offer","","","2172","","","<div class='trialBorder'><div class='vertical-center'><img style='vertical-align:center; align:center' src=img/fixation3.jpg></div><div class='cl'><div class='vertical-center'>$80<br>for<br>Cara R</div></div><div class='cr'><div class='vertical-center'>$33<br>for<br>yourself</div></div><div class='respDivL'><div class='vertical-center'>(E)</div></div><div class='respDivR'><div class='vertical-center'>(I)</div></div></div>","E","$33<br>for<br>yourself","$80<br>for<br>2","1","33","80","2","OTHER"
"html-keyboard-response","17","303810","0.0-6.0-3.3","610063614e6ba35532307dda","bdp_sd","Mon Mar 27 2023 14:38:52 GMT-0400 (Eastern Daylight Time)","372730","","","","offerFB","","","null","","","<div class='trialBorder'><div class='vertical-center'><img style='vertical-align:center; align:center' src=img/fixation3.jpg></div><div class='cl'><div class='vertical-center'><font style='color:orange'>$80<br>for<br>Cara R</font></div></div><div class='cr'><div class='vertical-center'>$33<br>for<br>yourself</div></div><div class='respDivL'><div class='vertical-center'><font style='color:orange'>(E)</font></div></div><div class='respDivR'><div class='vertical-center'>(I)</div></div></div>","null","$33<br>for<br>yourself","$80<br>for<br>2","1","33","80","2",""
"html-keyboard-response","18","304315","0.0-6.0-1.4","610063614e6ba35532307dda","bdp_sd","Mon Mar 27 2023 14:38:52 GMT-0400 (Eastern Daylight Time)","372730","","","","FIX","","","null","","","<div class='trialBorder'><div class='vertical-center'><img style='vertical-align:center; align:center' src=img/fixation3.jpg></div></div>","null","","","","","","",""
"html-keyboard-response","19","307276","0.0-6.0-2.4","610063614e6ba35532307dda","bdp_sd","Mon Mar 27 2023 14:38:52 GMT-0400 (Eastern Daylight Time)","372730","","","","offer","","","2959","","","<div class='trialBorder'><div class='vertical-center'><img style='vertical-align:center; align:center' src=img/fixation3.jpg></div><div class='cl'><div class='vertical-center'>$14<br>for<br>yourself</div></div><div class='cr'><div class='vertical-center'>$25<br>for<br>Casey R</div></div><div class='respDivL'><div class='vertical-center'>(E)</div></div><div class='respDivR'><div class='vertical-center'>(I)</div></div></div>","E","$14<br>for<br>yourself","$25<br>for<br>3","0","14","25","3","SELF"
"html-keyboard-response","20","307531","0.0-6.0-3.4","610063614e6ba35532307dda","bdp_sd","Mon Mar 27 2023 14:38:52 GMT-0400 (Eastern Daylight Time)","372730","","","","offerFB","","","null","","","<div class='trialBorder'><div class='vertical-center'><img style='vertical-align:center; align:center' src=img/fixation3.jpg></div><div class='cl'><div class='vertical-center'><font style='color:orange'>$14<br>for<br>yourself</font></div></div><div class='cr'><div class='vertical-center'>$25<br>for<br>Casey R</div></div><div class='respDivL'><div class='vertical-center'><font style='color:orange'>(E)</font></div></div><div class='respDivR'><div class='vertical-center'>(I)</div></div></div>","null","$14<br>for<br>yourself","$25<br>for<br>3","0","14","25","3",""
"html-keyboard-response","21","308036","0.0-6.0-1.5","610063614e6ba35532307dda","bdp_sd","Mon Mar 27 2023 14:38:52 GMT-0400 (Eastern Daylight Time)","372730","","","","FIX","","","null","","","<div class='trialBorder'><div class='vertical-center'><img style='vertical-align:center; align:center' src=img/fixation3.jpg></div></div>","null","","","","","","",""
"html-keyboard-response","22","309694","0.0-6.0-2.5","610063614e6ba35532307dda","bdp_sd","Mon Mar 27 2023 14:38:52 GMT-0400 (Eastern Daylight Time)","372730","","","","offer","","","1657","","","<div class='trialBorder'><div class='vertical-center'><img style='vertical-align:center; align:center' src=img/fixation3.jpg></div><div class='cl'><div class='vertical-center'>$24<br>for<br>yourself</div></div><div class='cr'><div class='vertical-center'>$35<br>for<br>Casey R</div></div><div class='respDivL'><div class='vertical-center'>(E)</div></div><div class='respDivR'><div class='vertical-center'>(I)</div></div></div>","E","$24<br>for<br>yourself","$35<br>for<br>3","0","24","35","3","SELF"
"html-keyboard-response","23","309950","0.0-6.0-3.5","610063614e6ba35532307dda","bdp_sd","Mon Mar 27 2023 14:38:52 GMT-0400 (Eastern Daylight Time)","372730","","","","offerFB","","","null","","","<div class='trialBorder'><div class='vertical-center'><img style='vertical-align:center; align:center' src=img/fixation3.jpg></div><div class='cl'><div class='vertical-center'><font style='color:orange'>$24<br>for<br>yourself</font></div></div><div class='cr'><div class='vertical-center'>$35<br>for<br>Casey R</div></div><div class='respDivL'><div class='vertical-center'><font style='color:orange'>(E)</font></div></div><div class='respDivR'><div class='vertical-center'>(I)</div></div></div>","null","$24<br>for<br>yourself","$35<br>for<br>3","0","24","35","3",""
"html-keyboard-response","24","310454","0.0-6.0-1.6","610063614e6ba35532307dda","bdp_sd","Mon Mar 27 2023 14:38:52 GMT-0400 (Eastern Daylight Time)","372730","","","","FIX","","","null","","","<div class='trialBorder'><div class='vertical-center'><img style='vertical-align:center; align:center' src=img/fixation3.jpg></div></div>","null","","","","","","",""
"html-keyboard-response","25","311699","0.0-6.0-2.6","610063614e6ba35532307dda","bdp_sd","Mon Mar 27 2023 14:38:52 GMT-0400 (Eastern Daylight Time)","372730","","","","offer","","","1244","","","<div class='trialBorder'><div class='vertical-center'><img style='vertical-align:center; align:center' src=img/fixation3.jpg></div><div class='cl'><div class='vertical-center'>$50<br>for<br>Jimmy M</div></div><div class='cr'><div class='vertical-center'>$34<br>for<br>yourself</div></div><div class='respDivL'><div class='vertical-center'>(E)</div></div><div class='respDivR'><div class='vertical-center'>(I)</div></div></div>","I","$34<br>for<br>yourself","$50<br>for<br>4","1","34","50","4","SELF"
"html-keyboard-response","26","311955","0.0-6.0-3.6","610063614e6ba35532307dda","bdp_sd","Mon Mar 27 2023 14:38:52 GMT-0400 (Eastern Daylight Time)","372730","","","","offerFB","","","null","","","<div class='trialBorder'><div class='vertical-center'><img style='vertical-align:center; align:center' src=img/fixation3.jpg></div><div class='cl'><div class='vertical-center'>$50<br>for<br>Jimmy M</div></div><div class='cr'><div class='vertical-center'><font style='color:orange'>$34<br>for<br>yourself</font></div></div><div class='respDivL'><div class='vertical-center'>(E)</div></div><div class='respDivR'><div class='vertical-center'><font style='color:orange'>(I)</font></div></div></div>","null","$34<br>for<br>yourself","$50<br>for<br>4","1","34","50","4",""
"html-keyboard-response","27","312460","0.0-6.0-1.7","610063614e6ba35532307dda","bdp_sd","Mon Mar 27 2023 14:38:52 GMT-0400 (Eastern Daylight Time)","372730","","","","FIX","","","null","","","<div class='trialBorder'><div class='vertical-center'><img style='vertical-align:center; align:center' src=img/fixation3.jpg></div></div>","null","","","","","","",""
"html-keyboard-response","28","314189","0.0-6.0-2.7","610063614e6ba35532307dda","bdp_sd","Mon Mar 27 2023 14:38:52 GMT-0400 (Eastern Daylight Time)","372730","","","","offer","","","1728","","","<div class='trialBorder'><div class='vertical-center'><img style='vertical-align:center; align:center' src=img/fixation3.jpg></div><div class='cl'><div class='vertical-center'>$55<br>for<br>yourself</div></div><div class='cr'><div class='vertical-center'>$75<br>for<br>Jimmy M</div></div><div class='respDivL'><div class='vertical-center'>(E)</div></div><div class='respDivR'><div class='vertical-center'>(I)</div></div></div>","E","$55<br>for<br>yourself","$75<br>for<br>4","0","55","75","4","SELF"
"html-keyboard-response","29","314445","0.0-6.0-3.7","610063614e6ba35532307dda","bdp_sd","Mon Mar 27 2023 14:38:52 GMT-0400 (Eastern Daylight Time)","372730","","","","offerFB","","","null","","","<div class='trialBorder'><div class='vertical-center'><img style='vertical-align:center; align:center' src=img/fixation3.jpg></div><div class='cl'><div class='vertical-center'><font style='color:orange'>$55<br>for<br>yourself</font></div></div><div class='cr'><div class='vertical-center'>$75<br>for<br>Jimmy M</div></div><div class='respDivL'><div class='vertical-center'><font style='color:orange'>(E)</font></div></div><div class='respDivR'><div class='vertical-center'>(I)</div></div></div>","null","$55<br>for<br>yourself","$75<br>for<br>4","0","55","75","4",""
"html-keyboard-response","30","314950","0.0-6.0-1.8","610063614e6ba35532307dda","bdp_sd","Mon Mar 27 2023 14:38:52 GMT-0400 (Eastern Daylight Time)","372730","","","","FIX","","","null","","","<div class='trialBorder'><div class='vertical-center'><img style='vertical-align:center; align:center' src=img/fixation3.jpg></div></div>","null","","","","","","",""
"html-keyboard-response","31","316669","0.0-6.0-2.8","610063614e6ba35532307dda","bdp_sd","Mon Mar 27 2023 14:38:52 GMT-0400 (Eastern Daylight Time)","372730","","","","offer","","","1718","","","<div class='trialBorder'><div class='vertical-center'><img style='vertical-align:center; align:center' src=img/fixation3.jpg></div><div class='cl'><div class='vertical-center'>$50<br>for<br>Olivia M</div></div><div class='cr'><div class='vertical-center'>$47<br>for<br>yourself</div></div><div class='respDivL'><div class='vertical-center'>(E)</div></div><div class='respDivR'><div class='vertical-center'>(I)</div></div></div>","I","$47<br>for<br>yourself","$50<br>for<br>5","1","47","50","5","SELF"
"html-keyboard-response","32","316924","0.0-6.0-3.8","610063614e6ba35532307dda","bdp_sd","Mon Mar 27 2023 14:38:52 GMT-0400 (Eastern Daylight Time)","372730","","","","offerFB","","","null","","","<div class='trialBorder'><div class='vertical-center'><img style='vertical-align:center; align:center' src=img/fixation3.jpg></div><div class='cl'><div class='vertical-center'>$50<br>for<br>Olivia M</div></div><div class='cr'><div class='vertical-center'><font style='color:orange'>$47<br>for<br>yourself</font></div></div><div class='respDivL'><div class='vertical-center'>(E)</div></div><div class='respDivR'><div class='vertical-center'><font style='color:orange'>(I)</font></div></div></div>","null","$47<br>for<br>yourself","$50<br>for<br>5","1","47","50","5",""
"html-keyboard-response","33","317429","0.0-6.0-1.9","610063614e6ba35532307dda","bdp_sd","Mon Mar 27 2023 14:38:52 GMT-0400 (Eastern Daylight Time)","372730","","","","FIX","","","null","","","<div class='trialBorder'><div class='vertical-center'><img style='vertical-align:center; align:center' src=img/fixation3.jpg></div></div>","null","","","","","","",""
"html-keyboard-response","34","319779","0.0-6.0-2.9","610063614e6ba35532307dda","bdp_sd","Mon Mar 27 2023 14:38:52 GMT-0400 (Eastern Daylight Time)","372730","","","","offer","","","2349","","","<div class='trialBorder'><div class='vertical-center'><img style='vertical-align:center; align:center' src=img/fixation3.jpg></div><div class='cl'><div class='vertical-center'>$78<br>for<br>yourself</div></div><div class='cr'><div class='vertical-center'>$80<br>for<br>Olivia M</div></div><div class='respDivL'><div class='vertical-center'>(E)</div></div><div class='respDivR'><div class='vertical-center'>(I)</div></div></div>","E","$78<br>for<br>yourself","$80<br>for<br>5","0","78","80","5","SELF"
"html-keyboard-response","35","320036","0.0-6.0-3.9","610063614e6ba35532307dda","bdp_sd","Mon Mar 27 2023 14:38:52 GMT-0400 (Eastern Daylight Time)","372730","","","","offerFB","","","null","","","<div class='trialBorder'><div class='vertical-center'><img style='vertical-align:center; align:center' src=img/fixation3.jpg></div><div class='cl'><div class='vertical-center'><font style='color:orange'>$78<br>for<br>yourself</font></div></div><div class='cr'><div class='vertical-center'>$80<br>for<br>Olivia M</div></div><div class='respDivL'><div class='vertical-center'><font style='color:orange'>(E)</font></div></div><div class='respDivR'><div class='vertical-center'>(I)</div></div></div>","null","$78<br>for<br>yourself","$80<br>for<br>5","0","78","80","5",""
"html-keyboard-response","36","320541","0.0-6.0-1.10","610063614e6ba35532307dda","bdp_sd","Mon Mar 27 2023 14:38:52 GMT-0400 (Eastern Daylight Time)","372730","","","","FIX","","","null","","","<div class='trialBorder'><div class='vertical-center'><img style='vertical-align:center; align:center' src=img/fixation3.jpg></div></div>","null","","","","","","",""
"html-keyboard-response","37","323034","0.0-6.0-2.10","610063614e6ba35532307dda","bdp_sd","Mon Mar 27 2023 14:38:52 GMT-0400 (Eastern Daylight Time)","372730","","","","offer","","","2492","","","<div class='trialBorder'><div class='vertical-center'><img style='vertical-align:center; align:center' src=img/fixation3.jpg></div><div class='cl'><div class='vertical-center'>$15<br>for<br>yourself</div></div><div class='cr'><div class='vertical-center'>$35<br>for<br>Cara R</div></div><div class='respDivL'><div class='vertical-center'>(E)</div></div><div class='respDivR'><div class='vertical-center'>(I)</div></div></div>","I","$15<br>for<br>yourself","$35<br>for<br>2","0","15","35","2","OTHER"
"html-keyboard-response","38","323290","0.0-6.0-3.10","610063614e6ba35532307dda","bdp_sd","Mon Mar 27 2023 14:38:52 GMT-0400 (Eastern Daylight Time)","372730","","","","offerFB","","","null","","","<div class='trialBorder'><div class='vertical-center'><img style='vertical-align:center; align:center' src=img/fixation3.jpg></div><div class='cl'><div class='vertical-center'>$15<br>for<br>yourself</div></div><div class='cr'><div class='vertical-center'><font style='color:orange'>$35<br>for<br>Cara R</font></div></div><div class='respDivL'><div class='vertical-center'>(E)</div></div><div class='respDivR'><div class='vertical-center'><font style='color:orange'>(I)</font></div></div></div>","null","$15<br>for<br>yourself","$35<br>for<br>2","0","15","35","2",""
"html-keyboard-response","39","323794","0.0-6.0-1.11","610063614e6ba35532307dda","bdp_sd","Mon Mar 27 2023 14:38:52 GMT-0400 (Eastern Daylight Time)","372730","","","","FIX","","","null","","","<div class='trialBorder'><div class='vertical-center'><img style='vertical-align:center; align:center' src=img/fixation3.jpg></div></div>","null","","","","","","",""
"html-keyboard-response","40","325457","0.0-6.0-2.11","610063614e6ba35532307dda","bdp_sd","Mon Mar 27 2023 14:38:52 GMT-0400 (Eastern Daylight Time)","372730","","","","offer","","","1662","","","<div class='trialBorder'><div class='vertical-center'><img style='vertical-align:center; align:center' src=img/fixation3.jpg></div><div class='cl'><div class='vertical-center'>$54<br>for<br>yourself</div></div><div class='cr'><div class='vertical-center'>$60<br>for<br>Olivia M</div></div><div class='respDivL'><div class='vertical-center'>(E)</div></div><div class='respDivR'><div class='vertical-center'>(I)</div></div></div>","E","$54<br>for<br>yourself","$60<br>for<br>5","0","54","60","5","SELF"
"html-keyboard-response","41","325713","0.0-6.0-3.11","610063614e6ba35532307dda","bdp_sd","Mon Mar 27 2023 14:38:52 GMT-0400 (Eastern Daylight Time)","372730","","","","offerFB","","","null","","","<div class='trialBorder'><div class='vertical-center'><img style='vertical-align:center; align:center' src=img/fixation3.jpg></div><div class='cl'><div class='vertical-center'><font style='color:orange'>$54<br>for<br>yourself</font></div></div><div class='cr'><div class='vertical-center'>$60<br>for<br>Olivia M</div></div><div class='respDivL'><div class='vertical-center'><font style='color:orange'>(E)</font></div></div><div class='respDivR'><div class='vertical-center'>(I)</div></div></div>","null","$54<br>for<br>yourself","$60<br>for<br>5","0","54","60","5",""
"html-keyboard-response","42","326218","0.0-6.0-1.12","610063614e6ba35532307dda","bdp_sd","Mon Mar 27 2023 14:38:52 GMT-0400 (Eastern Daylight Time)","372730","","","","FIX","","","null","","","<div class='trialBorder'><div class='vertical-center'><img style='vertical-align:center; align:center' src=img/fixation3.jpg></div></div>","null","","","","","","",""
"html-keyboard-response","43","327526","0.0-6.0-2.12","610063614e6ba35532307dda","bdp_sd","Mon Mar 27 2023 14:38:52 GMT-0400 (Eastern Daylight Time)","372730","","","","offer","","","1306","","","<div class='trialBorder'><div class='vertical-center'><img style='vertical-align:center; align:center' src=img/fixation3.jpg></div><div class='cl'><div class='vertical-center'>$25<br>for<br>yourself</div></div><div class='cr'><div class='vertical-center'>$30<br>for<br>Jimmy M</div></div><div class='respDivL'><div class='vertical-center'>(E)</div></div><div class='respDivR'><div class='vertical-center'>(I)</div></div></div>","E","$25<br>for<br>yourself","$30<br>for<br>4","0","25","30","4","SELF"
"html-keyboard-response","44","327782","0.0-6.0-3.12","610063614e6ba35532307dda","bdp_sd","Mon Mar 27 2023 14:38:52 GMT-0400 (Eastern Daylight Time)","372730","","","","offerFB","","","null","","","<div class='trialBorder'><div class='vertical-center'><img style='vertical-align:center; align:center' src=img/fixation3.jpg></div><div class='cl'><div class='vertical-center'><font style='color:orange'>$25<br>for<br>yourself</font></div></div><div class='cr'><div class='vertical-center'>$30<br>for<br>Jimmy M</div></div><div class='respDivL'><div class='vertical-center'><font style='color:orange'>(E)</font></div></div><div class='respDivR'><div class='vertical-center'>(I)</div></div></div>","null","$25<br>for<br>yourself","$30<br>for<br>4","0","25","30","4",""
"html-keyboard-response","45","328285","0.0-6.0-1.13","610063614e6ba35532307dda","bdp_sd","Mon Mar 27 2023 14:38:52 GMT-0400 (Eastern Daylight Time)","372730","","","","FIX","","","null","","","<div class='trialBorder'><div class='vertical-center'><img style='vertical-align:center; align:center' src=img/fixation3.jpg></div></div>","null","","","","","","",""
"html-keyboard-response","46","332039","0.0-6.0-2.13","610063614e6ba35532307dda","bdp_sd","Mon Mar 27 2023 14:38:52 GMT-0400 (Eastern Daylight Time)","372730","","","","offer","","","3752","","","<div class='trialBorder'><div class='vertical-center'><img style='vertical-align:center; align:center' src=img/fixation3.jpg></div><div class='cl'><div class='vertical-center'>$55<br>for<br>Olivia M</div></div><div class='cr'><div class='vertical-center'>$54<br>for<br>yourself</div></div><div class='respDivL'><div class='vertical-center'>(E)</div></div><div class='respDivR'><div class='vertical-center'>(I)</div></div></div>","I","$54<br>for<br>yourself","$55<br>for<br>5","1","54","55","5","SELF"
"html-keyboard-response","47","332295","0.0-6.0-3.13","610063614e6ba35532307dda","bdp_sd","Mon Mar 27 2023 14:38:52 GMT-0400 (Eastern Daylight Time)","372730","","","","offerFB","","","null","","","<div class='trialBorder'><div class='vertical-center'><img style='vertical-align:center; align:center' src=img/fixation3.jpg></div><div class='cl'><div class='vertical-center'>$55<br>for<br>Olivia M</div></div><div class='cr'><div class='vertical-center'><font style='color:orange'>$54<br>for<br>yourself</font></div></div><div class='respDivL'><div class='vertical-center'>(E)</div></div><div class='respDivR'><div class='vertical-center'><font style='color:orange'>(I)</font></div></div></div>","null","$54<br>for<br>yourself","$55<br>for<br>5","1","54","55","5",""
"html-keyboard-response","48","332801","0.0-6.0-1.14","610063614e6ba35532307dda","bdp_sd","Mon Mar 27 2023 14:38:52 GMT-0400 (Eastern Daylight Time)","372730","","","","FIX","","","null","","","<div class='trialBorder'><div class='vertical-center'><img style='vertical-align:center; align:center' src=img/fixation3.jpg></div></div>","null","","","","","","",""
"html-keyboard-response","49","334652","0.0-6.0-2.14","610063614e6ba35532307dda","bdp_sd","Mon Mar 27 2023 14:38:52 GMT-0400 (Eastern Daylight Time)","372730","","","","offer","","","1850","","","<div class='trialBorder'><div class='vertical-center'><img style='vertical-align:center; align:center' src=img/fixation3.jpg></div><div class='cl'><div class='vertical-center'>$85<br>for<br>Cole D</div></div><div class='cr'><div class='vertical-center'>$31<br>for<br>yourself</div></div><div class='respDivL'><div class='vertical-center'>(E)</div></div><div class='respDivR'><div class='vertical-center'>(I)</div></div></div>","E","$31<br>for<br>yourself","$85<br>for<br>1","1","31","85","1","OTHER"
"html-keyboard-response","50","334903","0.0-6.0-3.14","610063614e6ba35532307dda","bdp_sd","Mon Mar 27 2023 14:38:52 GMT-0400 (Eastern Daylight Time)","372730","","","","offerFB","","","null","","","<div class='trialBorder'><div class='vertical-center'><img style='vertical-align:center; align:center' src=img/fixation3.jpg></div><div class='cl'><div class='vertical-center'><font style='color:orange'>$85<br>for<br>Cole D</font></div></div><div class='cr'><div class='vertical-center'>$31<br>for<br>yourself</div></div><div class='respDivL'><div class='vertical-center'><font style='color:orange'>(E)</font></div></div><div class='respDivR'><div class='vertical-center'>(I)</div></div></div>","null","$31<br>for<br>yourself","$85<br>for<br>1","1","31","85","1",""
"html-keyboard-response","51","335408","0.0-6.0-1.15","610063614e6ba35532307dda","bdp_sd","Mon Mar 27 2023 14:38:52 GMT-0400 (Eastern Daylight Time)","372730","","","","FIX","","","null","","","<div class='trialBorder'><div class='vertical-center'><img style='vertical-align:center; align:center' src=img/fixation3.jpg></div></div>","null","","","","","","",""
"html-keyboard-response","52","337266","0.0-6.0-2.15","610063614e6ba35532307dda","bdp_sd","Mon Mar 27 2023 14:38:52 GMT-0400 (Eastern Daylight Time)","372730","","","","offer","","","1857","","","<div class='trialBorder'><div class='vertical-center'><img style='vertical-align:center; align:center' src=img/fixation3.jpg></div><div class='cl'><div class='vertical-center'>$49<br>for<br>yourself</div></div><div class='cr'><div class='vertical-center'>$60<br>for<br>Jimmy M</div></div><div class='respDivL'><div class='vertical-center'>(E)</div></div><div class='respDivR'><div class='vertical-center'>(I)</div></div></div>","E","$49<br>for<br>yourself","$60<br>for<br>4","0","49","60","4","SELF"
"html-keyboard-response","53","337521","0.0-6.0-3.15","610063614e6ba35532307dda","bdp_sd","Mon Mar 27 2023 14:38:52 GMT-0400 (Eastern Daylight Time)","372730","","","","offerFB","","","null","","","<div class='trialBorder'><div class='vertical-center'><img style='vertical-align:center; align:center' src=img/fixation3.jpg></div><div class='cl'><div class='vertical-center'><font style='color:orange'>$49<br>for<br>yourself</font></div></div><div class='cr'><div class='vertical-center'>$60<br>for<br>Jimmy M</div></div><div class='respDivL'><div class='vertical-center'><font style='color:orange'>(E)</font></div></div><div class='respDivR'><div class='vertical-center'>(I)</div></div></div>","null","$49<br>for<br>yourself","$60<br>for<br>4","0","49","60","4",""
"html-keyboard-response","54","338026","0.0-6.0-1.16","610063614e6ba35532307dda","bdp_sd","Mon Mar 27 2023 14:38:52 GMT-0400 (Eastern Daylight Time)","372730","","","","FIX","","","null","","","<div class='trialBorder'><div class='vertical-center'><img style='vertical-align:center; align:center' src=img/fixation3.jpg></div></div>","null","","","","","","",""
"html-keyboard-response","55","339730","0.0-6.0-2.16","610063614e6ba35532307dda","bdp_sd","Mon Mar 27 2023 14:38:52 GMT-0400 (Eastern Daylight Time)","372730","","","","offer","","","1702","","","<div class='trialBorder'><div class='vertical-center'><img style='vertical-align:center; align:center' src=img/fixation3.jpg></div><div class='cl'><div class='vertical-center'>$55<br>for<br>Jimmy M</div></div><div class='cr'><div class='vertical-center'>$40<br>for<br>yourself</div></div><div class='respDivL'><div class='vertical-center'>(E)</div></div><div class='respDivR'><div class='vertical-center'>(I)</div></div></div>","I","$40<br>for<br>yourself","$55<br>for<br>4","1","40","55","4","SELF"
"html-keyboard-response","56","339986","0.0-6.0-3.16","610063614e6ba35532307dda","bdp_sd","Mon Mar 27 2023 14:38:52 GMT-0400 (Eastern Daylight Time)","372730","","","","offerFB","","","null","","","<div class='trialBorder'><div class='vertical-center'><img style='vertical-align:center; align:center' src=img/fixation3.jpg></div><div class='cl'><div class='vertical-center'>$55<br>for<br>Jimmy M</div></div><div class='cr'><div class='vertical-center'><font style='color:orange'>$40<br>for<br>yourself</font></div></div><div class='respDivL'><div class='vertical-center'>(E)</div></div><div class='respDivR'><div class='vertical-center'><font style='color:orange'>(I)</font></div></div></div>","null","$40<br>for<br>yourself","$55<br>for<br>4","1","40","55","4",""
"html-keyboard-response","57","340490","0.0-6.0-1.17","610063614e6ba35532307dda","bdp_sd","Mon Mar 27 2023 14:38:52 GMT-0400 (Eastern Daylight Time)","372730","","","","FIX","","","null","","","<div class='trialBorder'><div class='vertical-center'><img style='vertical-align:center; align:center' src=img/fixation3.jpg></div></div>","null","","","","","","",""
"html-keyboard-response","58","343566","0.0-6.0-2.17","610063614e6ba35532307dda","bdp_sd","Mon Mar 27 2023 14:38:52 GMT-0400 (Eastern Daylight Time)","372730","","","","offer","","","3075","","","<div class='trialBorder'><div class='vertical-center'><img style='vertical-align:center; align:center' src=img/fixation3.jpg></div><div class='cl'><div class='vertical-center'>$28<br>for<br>yourself</div></div><div class='cr'><div class='vertical-center'>$30<br>for<br>Olivia M</div></div><div class='respDivL'><div class='vertical-center'>(E)</div></div><div class='respDivR'><div class='vertical-center'>(I)</div></div></div>","I","$28<br>for<br>yourself","$30<br>for<br>5","0","28","30","5","OTHER"
"html-keyboard-response","59","343822","0.0-6.0-3.17","610063614e6ba35532307dda","bdp_sd","Mon Mar 27 2023 14:38:52 GMT-0400 (Eastern Daylight Time)","372730","","","","offerFB","","","null","","","<div class='trialBorder'><div class='vertical-center'><img style='vertical-align:center; align:center' src=img/fixation3.jpg></div><div class='cl'><div class='vertical-center'>$28<br>for<br>yourself</div></div><div class='cr'><div class='vertical-center'><font style='color:orange'>$30<br>for<br>Olivia M</font></div></div><div class='respDivL'><div class='vertical-center'>(E)</div></div><div class='respDivR'><div class='vertical-center'><font style='color:orange'>(I)</font></div></div></div>","null","$28<br>for<br>yourself","$30<br>for<br>5","0","28","30","5",""
"html-keyboard-response","60","344327","0.0-6.0-1.18","610063614e6ba35532307dda","bdp_sd","Mon Mar 27 2023 14:38:52 GMT-0400 (Eastern Daylight Time)","372730","","","","FIX","","","null","","","<div class='trialBorder'><div class='vertical-center'><img style='vertical-align:center; align:center' src=img/fixation3.jpg></div></div>","null","","","","","","",""
"html-keyboard-response","61","346227","0.0-6.0-2.18","610063614e6ba35532307dda","bdp_sd","Mon Mar 27 2023 14:38:52 GMT-0400 (Eastern Daylight Time)","372730","","","","offer","","","1898","","","<div class='trialBorder'><div class='vertical-center'><img style='vertical-align:center; align:center' src=img/fixation3.jpg></div><div class='cl'><div class='vertical-center'>$30<br>for<br>Cara R</div></div><div class='cr'><div class='vertical-center'>$11<br>for<br>yourself</div></div><div class='respDivL'><div class='vertical-center'>(E)</div></div><div class='respDivR'><div class='vertical-center'>(I)</div></div></div>","I","$11<br>for<br>yourself","$30<br>for<br>2","1","11","30","2","SELF"
"html-keyboard-response","62","346479","0.0-6.0-3.18","610063614e6ba35532307dda","bdp_sd","Mon Mar 27 2023 14:38:52 GMT-0400 (Eastern Daylight Time)","372730","","","","offerFB","","","null","","","<div class='trialBorder'><div class='vertical-center'><img style='vertical-align:center; align:center' src=img/fixation3.jpg></div><div class='cl'><div class='vertical-center'>$30<br>for<br>Cara R</div></div><div class='cr'><div class='vertical-center'><font style='color:orange'>$11<br>for<br>yourself</font></div></div><div class='respDivL'><div class='vertical-center'>(E)</div></div><div class='respDivR'><div class='vertical-center'><font style='color:orange'>(I)</font></div></div></div>","null","$11<br>for<br>yourself","$30<br>for<br>2","1","11","30","2",""
"html-keyboard-response","63","346984","0.0-6.0-1.19","610063614e6ba35532307dda","bdp_sd","Mon Mar 27 2023 14:38:52 GMT-0400 (Eastern Daylight Time)","372730","","","","FIX","","","null","","","<div class='trialBorder'><div class='vertical-center'><img style='vertical-align:center; align:center' src=img/fixation3.jpg></div></div>","null","","","","","","",""
"html-keyboard-response","64","348554","0.0-6.0-2.19","610063614e6ba35532307dda","bdp_sd","Mon Mar 27 2023 14:38:52 GMT-0400 (Eastern Daylight Time)","372730","","","","offer","","","1568","","","<div class='trialBorder'><div class='vertical-center'><img style='vertical-align:center; align:center' src=img/fixation3.jpg></div><div class='cl'><div class='vertical-center'>$85<br>for<br>Olivia M</div></div><div class='cr'><div class='vertical-center'>$80<br>for<br>yourself</div></div><div class='respDivL'><div class='vertical-center'>(E)</div></div><div class='respDivR'><div class='vertical-center'>(I)</div></div></div>","I","$80<br>for<br>yourself","$85<br>for<br>5","1","80","85","5","SELF"
"html-keyboard-response","65","348810","0.0-6.0-3.19","610063614e6ba35532307dda","bdp_sd","Mon Mar 27 2023 14:38:52 GMT-0400 (Eastern Daylight Time)","372730","","","","offerFB","","","null","","","<div class='trialBorder'><div class='vertical-center'><img style='vertical-align:center; align:center' src=img/fixation3.jpg></div><div class='cl'><div class='vertical-center'>$85<br>for<br>Olivia M</div></div><div class='cr'><div class='vertical-center'><font style='color:orange'>$80<br>for<br>yourself</font></div></div><div class='respDivL'><div class='vertical-center'>(E)</div></div><div class='respDivR'><div class='vertical-center'><font style='color:orange'>(I)</font></div></div></div>","null","$80<br>for<br>yourself","$85<br>for<br>5","1","80","85","5",""
"html-keyboard-response","66","349314","0.0-6.0-1.20","610063614e6ba35532307dda","bdp_sd","Mon Mar 27 2023 14:38:52 GMT-0400 (Eastern Daylight Time)","372730","","","","FIX","","","null","","","<div class='trialBorder'><div class='vertical-center'><img style='vertical-align:center; align:center' src=img/fixation3.jpg></div></div>","null","","","","","","",""
"html-keyboard-response","67","350371","0.0-6.0-2.20","610063614e6ba35532307dda","bdp_sd","Mon Mar 27 2023 14:38:52 GMT-0400 (Eastern Daylight Time)","372730","","","","offer","","","1056","","","<div class='trialBorder'><div class='vertical-center'><img style='vertical-align:center; align:center' src=img/fixation3.jpg></div><div class='cl'><div class='vertical-center'>$85<br>for<br>Jimmy M</div></div><div class='cr'><div class='vertical-center'>$69<br>for<br>yourself</div></div><div class='respDivL'><div class='vertical-center'>(E)</div></div><div class='respDivR'><div class='vertical-center'>(I)</div></div></div>","I","$69<br>for<br>yourself","$85<br>for<br>4","1","69","85","4","SELF"
"html-keyboard-response","68","350624","0.0-6.0-3.20","610063614e6ba35532307dda","bdp_sd","Mon Mar 27 2023 14:38:52 GMT-0400 (Eastern Daylight Time)","372730","","","","offerFB","","","null","","","<div class='trialBorder'><div class='vertical-center'><img style='vertical-align:center; align:center' src=img/fixation3.jpg></div><div class='cl'><div class='vertical-center'>$85<br>for<br>Jimmy M</div></div><div class='cr'><div class='vertical-center'><font style='color:orange'>$69<br>for<br>yourself</font></div></div><div class='respDivL'><div class='vertical-center'>(E)</div></div><div class='respDivR'><div class='vertical-center'><font style='color:orange'>(I)</font></div></div></div>","null","$69<br>for<br>yourself","$85<br>for<br>4","1","69","85","4",""
"html-keyboard-response","69","351129","0.0-6.0-1.21","610063614e6ba35532307dda","bdp_sd","Mon Mar 27 2023 14:38:52 GMT-0400 (Eastern Daylight Time)","372730","","","","FIX","","","null","","","<div class='trialBorder'><div class='vertical-center'><img style='vertical-align:center; align:center' src=img/fixation3.jpg></div></div>","null","","","","","","",""
"html-keyboard-response","70","352865","0.0-6.0-2.21","610063614e6ba35532307dda","bdp_sd","Mon Mar 27 2023 14:38:52 GMT-0400 (Eastern Daylight Time)","372730","","","","offer","","","1734","","","<div class='trialBorder'><div class='vertical-center'><img style='vertical-align:center; align:center' src=img/fixation3.jpg></div><div class='cl'><div class='vertical-center'>$20<br>for<br>yourself</div></div><div class='cr'><div class='vertical-center'>$55<br>for<br>Cole D</div></div><div class='respDivL'><div class='vertical-center'>(E)</div></div><div class='respDivR'><div class='vertical-center'>(I)</div></div></div>","I","$20<br>for<br>yourself","$55<br>for<br>1","0","20","55","1","OTHER"
"html-keyboard-response","71","353120","0.0-6.0-3.21","610063614e6ba35532307dda","bdp_sd","Mon Mar 27 2023 14:38:52 GMT-0400 (Eastern Daylight Time)","372730","","","","offerFB","","","null","","","<div class='trialBorder'><div class='vertical-center'><img style='vertical-align:center; align:center' src=img/fixation3.jpg></div><div class='cl'><div class='vertical-center'>$20<br>for<br>yourself</div></div><div class='cr'><div class='vertical-center'><font style='color:orange'>$55<br>for<br>Cole D</font></div></div><div class='respDivL'><div class='vertical-center'>(E)</div></div><div class='respDivR'><div class='vertical-center'><font style='color:orange'>(I)</font></div></div></div>","null","$20<br>for<br>yourself","$55<br>for<br>1","0","20","55","1",""
"html-keyboard-response","72","353625","0.0-6.0-1.22","610063614e6ba35532307dda","bdp_sd","Mon Mar 27 2023 14:38:52 GMT-0400 (Eastern Daylight Time)","372730","","","","FIX","","","null","","","<div class='trialBorder'><div class='vertical-center'><img style='vertical-align:center; align:center' src=img/fixation3.jpg></div></div>","null","","","","","","",""
"html-keyboard-response","73","356381","0.0-6.0-2.22","610063614e6ba35532307dda","bdp_sd","Mon Mar 27 2023 14:38:52 GMT-0400 (Eastern Daylight Time)","372730","","","","offer","","","2755","","","<div class='trialBorder'><div class='vertical-center'><img style='vertical-align:center; align:center' src=img/fixation3.jpg></div><div class='cl'><div class='vertical-center'>$60<br>for<br>Casey R</div></div><div class='cr'><div class='vertical-center'>$25<br>for<br>yourself</div></div><div class='respDivL'><div class='vertical-center'>(E)</div></div><div class='respDivR'><div class='vertical-center'>(I)</div></div></div>","E","$25<br>for<br>yourself","$60<br>for<br>3","1","25","60","3","OTHER"
"html-keyboard-response","74","356638","0.0-6.0-3.22","610063614e6ba35532307dda","bdp_sd","Mon Mar 27 2023 14:38:52 GMT-0400 (Eastern Daylight Time)","372730","","","","offerFB","","","null","","","<div class='trialBorder'><div class='vertical-center'><img style='vertical-align:center; align:center' src=img/fixation3.jpg></div><div class='cl'><div class='vertical-center'><font style='color:orange'>$60<br>for<br>Casey R</font></div></div><div class='cr'><div class='vertical-center'>$25<br>for<br>yourself</div></div><div class='respDivL'><div class='vertical-center'><font style='color:orange'>(E)</font></div></div><div class='respDivR'><div class='vertical-center'>(I)</div></div></div>","null","$25<br>for<br>yourself","$60<br>for<br>3","1","25","60","3",""
"html-keyboard-response","75","357143","0.0-6.0-1.23","610063614e6ba35532307dda","bdp_sd","Mon Mar 27 2023 14:38:52 GMT-0400 (Eastern Daylight Time)","372730","","","","FIX","","","null","","","<div class='trialBorder'><div class='vertical-center'><img style='vertical-align:center; align:center' src=img/fixation3.jpg></div></div>","null","","","","","","",""
"html-keyboard-response","76","361127","0.0-6.0-2.23","610063614e6ba35532307dda","bdp_sd","Mon Mar 27 2023 14:38:52 GMT-0400 (Eastern Daylight Time)","372730","","","","offer","","","3983","","","<div class='trialBorder'><div class='vertical-center'><img style='vertical-align:center; align:center' src=img/fixation3.jpg></div><div class='cl'><div class='vertical-center'>$75<br>for<br>Casey R</div></div><div class='cr'><div class='vertical-center'>$41<br>for<br>yourself</div></div><div class='respDivL'><div class='vertical-center'>(E)</div></div><div class='respDivR'><div class='vertical-center'>(I)</div></div></div>","I","$41<br>for<br>yourself","$75<br>for<br>3","1","41","75","3","SELF"
"html-keyboard-response","77","361384","0.0-6.0-3.23","610063614e6ba35532307dda","bdp_sd","Mon Mar 27 2023 14:38:52 GMT-0400 (Eastern Daylight Time)","372730","","","","offerFB","","","null","","","<div class='trialBorder'><div class='vertical-center'><img style='vertical-align:center; align:center' src=img/fixation3.jpg></div><div class='cl'><div class='vertical-center'>$75<br>for<br>Casey R</div></div><div class='cr'><div class='vertical-center'><font style='color:orange'>$41<br>for<br>yourself</font></div></div><div class='respDivL'><div class='vertical-center'>(E)</div></div><div class='respDivR'><div class='vertical-center'><font style='color:orange'>(I)</font></div></div></div>","null","$41<br>for<br>yourself","$75<br>for<br>3","1","41","75","3",""
"html-keyboard-response","78","361887","0.0-6.0-1.24","610063614e6ba35532307dda","bdp_sd","Mon Mar 27 2023 14:38:52 GMT-0400 (Eastern Daylight Time)","372730","","","","FIX","","","null","","","<div class='trialBorder'><div class='vertical-center'><img style='vertical-align:center; align:center' src=img/fixation3.jpg></div></div>","null","","","","","","",""
"html-keyboard-response","79","363032","0.0-6.0-2.24","610063614e6ba35532307dda","bdp_sd","Mon Mar 27 2023 14:38:52 GMT-0400 (Eastern Daylight Time)","372730","","","","offer","","","1144","","","<div class='trialBorder'><div class='vertical-center'><img style='vertical-align:center; align:center' src=img/fixation3.jpg></div><div class='cl'><div class='vertical-center'>$19<br>for<br>yourself</div></div><div class='cr'><div class='vertical-center'>$25<br>for<br>Jimmy M</div></div><div class='respDivL'><div class='vertical-center'>(E)</div></div><div class='respDivR'><div class='vertical-center'>(I)</div></div></div>","E","$19<br>for<br>yourself","$25<br>for<br>4","0","19","25","4","SELF"
"html-keyboard-response","80","363285","0.0-6.0-3.24","610063614e6ba35532307dda","bdp_sd","Mon Mar 27 2023 14:38:52 GMT-0400 (Eastern Daylight Time)","372730","","","","offerFB","","","null","","","<div class='trialBorder'><div class='vertical-center'><img style='vertical-align:center; align:center' src=img/fixation3.jpg></div><div class='cl'><div class='vertical-center'><font style='color:orange'>$19<br>for<br>yourself</font></div></div><div class='cr'><div class='vertical-center'>$25<br>for<br>Jimmy M</div></div><div class='respDivL'><div class='vertical-center'><font style='color:orange'>(E)</font></div></div><div class='respDivR'><div class='vertical-center'>(I)</div></div></div>","null","$19<br>for<br>yourself","$25<br>for<br>4","0","19","25","4",""
"html-keyboard-response","81","363790","0.0-6.0-1.25","610063614e6ba35532307dda","bdp_sd","Mon Mar 27 2023 14:38:52 GMT-0400 (Eastern Daylight Time)","372730","","","","FIX","","","null","","","<div class='trialBorder'><div class='vertical-center'><img style='vertical-align:center; align:center' src=img/fixation3.jpg></div></div>","null","","","","","","",""
"html-keyboard-response","82","366501","0.0-6.0-2.25","610063614e6ba35532307dda","bdp_sd","Mon Mar 27 2023 14:38:52 GMT-0400 (Eastern Daylight Time)","372730","","","","offer","","","2710","","","<div class='trialBorder'><div class='vertical-center'><img style='vertical-align:center; align:center' src=img/fixation3.jpg></div><div class='cl'><div class='vertical-center'>$35<br>for<br>Olivia M</div></div><div class='cr'><div class='vertical-center'>$34<br>for<br>yourself</div></div><div class='respDivL'><div class='vertical-center'>(E)</div></div><div class='respDivR'><div class='vertical-center'>(I)</div></div></div>","I","$34<br>for<br>yourself","$35<br>for<br>5","1","34","35","5","SELF"
"html-keyboard-response","83","366757","0.0-6.0-3.25","610063614e6ba35532307dda","bdp_sd","Mon Mar 27 2023 14:38:52 GMT-0400 (Eastern Daylight Time)","372730","","","","offerFB","","","null","","","<div class='trialBorder'><div class='vertical-center'><img style='vertical-align:center; align:center' src=img/fixation3.jpg></div><div class='cl'><div class='vertical-center'>$35<br>for<br>Olivia M</div></div><div class='cr'><div class='vertical-center'><font style='color:orange'>$34<br>for<br>yourself</font></div></div><div class='respDivL'><div class='vertical-center'>(E)</div></div><div class='respDivR'><div class='vertical-center'><font style='color:orange'>(I)</font></div></div></div>","null","$34<br>for<br>yourself","$35<br>for<br>5","1","34","35","5",""
"html-keyboard-response","84","367261","0.0-6.0-1.26","610063614e6ba35532307dda","bdp_sd","Mon Mar 27 2023 14:38:52 GMT-0400 (Eastern Daylight Time)","372730","","","","FIX","","","null","","","<div class='trialBorder'><div class='vertical-center'><img style='vertical-align:center; align:center' src=img/fixation3.jpg></div></div>","null","","","","","","",""
"html-keyboard-response","85","371471","0.0-6.0-2.26","610063614e6ba35532307dda","bdp_sd","Mon Mar 27 2023 14:38:52 GMT-0400 (Eastern Daylight Time)","372730","","","","offer","","","4209","","","<div class='trialBorder'><div class='vertical-center'><img style='vertical-align:center; align:center' src=img/fixation3.jpg></div><div class='cl'><div class='vertical-center'>$75<br>for<br>Olivia M</div></div><div class='cr'><div class='vertical-center'>$67<br>for<br>yourself</div></div><div class='respDivL'><div class='vertical-center'>(E)</div></div><div class='respDivR'><div class='vertical-center'>(I)</div></div></div>","I","$67<br>for<br>yourself","$75<br>for<br>5","1","67","75","5","SELF"
"html-keyboard-response","86","371726","0.0-6.0-3.26","610063614e6ba35532307dda","bdp_sd","Mon Mar 27 2023 14:38:52 GMT-0400 (Eastern Daylight Time)","372730","","","","offerFB","","","null","","","<div class='trialBorder'><div class='vertical-center'><img style='vertical-align:center; align:center' src=img/fixation3.jpg></div><div class='cl'><div class='vertical-center'>$75<br>for<br>Olivia M</div></div><div class='cr'><div class='vertical-center'><font style='color:orange'>$67<br>for<br>yourself</font></div></div><div class='respDivL'><div class='vertical-center'>(E)</div></div><div class='respDivR'><div class='vertical-center'><font style='color:orange'>(I)</font></div></div></div>","null","$67<br>for<br>yourself","$75<br>for<br>5","1","67","75","5",""
"","","","","610063614e6ba35532307dda","bdp_sd","Mon Mar 27 2023 14:38:52 GMT-0400 (Eastern Daylight Time)","372730","fullscreenexit","87","371736","fullscreenexit","","","","","","","","","","","","","",""
"fullscreen","87","372730","0.0-7.0","610063614e6ba35532307dda","bdp_sd","Mon Mar 27 2023 14:38:52 GMT-0400 (Eastern Daylight Time)","372730","","","","","","","","","true","","","","","","","","",""
"html-keyboard-response","88","373235","0.0-8.0","","","","","","","","","","","null","","","","null","","","","","","",""
